variable,table,domain,description,source,producer,role,status,hypotheses,expected_missing,missing_note,notes
brain_charm,efield,morphometry,Brain volume from charm segmentation (mm3),SimNIBS 4.6 head models (charm) + FEM simulation,simNIBS repo: scripts/extract_intracranial.py,secondary,current,,,,
charm_dlpfc_n_vert,efield,morphometry,DLPFC vertices in charm surface,SimNIBS 4.6 head models (charm) + FEM simulation,simNIBS repo: scripts/extract_charm_thickness.py,qc,current,,,,
charm_dlpfc_thickness,efield,morphometry,DLPFC cortical thickness from charm (mm),SimNIBS 4.6 head models (charm) + FEM simulation,simNIBS repo: scripts/extract_charm_thickness.py,secondary,current,,,,Cross-check on FreeSurfer dlpfc_thickness.
charm_mean_thickness,efield,morphometry,Whole-hemisphere cortical thickness from charm surfaces (mm),SimNIBS 4.6 head models (charm) + FEM simulation,simNIBS repo: scripts/extract_charm_thickness.py,secondary,current,,,,
charm_thickness_sd,efield,morphometry,SD of charm cortical thickness (mm),SimNIBS 4.6 head models (charm) + FEM simulation,simNIBS repo: scripts/extract_charm_thickness.py,qc,current,,,,
csf_charm,efield,morphometry,Whole-head CSF volume from charm segmentation (mm3),SimNIBS 4.6 head models (charm) + FEM simulation,simNIBS repo: scripts/extract_intracranial.py,secondary,current,,,,CSF: strongest age relationship (r=+.50).
dist_central_dlpfc_min,efield,geometry,"F3-to-central surface distance within DLPFC, nearest vertex (mm)",SimNIBS 4.6 head models (charm) + FEM simulation,simNIBS repo: scripts/extract_scalp_cortex_distance.py,secondary,current,,,,
dist_central_dlpfc_p1,efield,geometry,"F3-to-central surface distance within DLPFC, 1st percentile (mm)",SimNIBS 4.6 head models (charm) + FEM simulation,simNIBS repo: scripts/extract_scalp_cortex_distance.py,secondary,current,,,,
dist_central_min,efield,geometry,"F3-to-central surface distance, nearest vertex (mm)",SimNIBS 4.6 head models (charm) + FEM simulation,simNIBS repo: scripts/extract_scalp_cortex_distance.py,secondary,current,,,,
dist_central_p1,efield,geometry,"F3-to-central surface distance, 1st percentile (mm)",SimNIBS 4.6 head models (charm) + FEM simulation,simNIBS repo: scripts/extract_scalp_cortex_distance.py,secondary,current,,,,
dist_pial_dlpfc_min,efield,geometry,"F3-to-pial surface distance within DLPFC, nearest vertex (mm)",SimNIBS 4.6 head models (charm) + FEM simulation,simNIBS repo: scripts/extract_scalp_cortex_distance.py,secondary,current,,,,
dist_pial_dlpfc_p1,efield,geometry,"F3-to-pial surface distance within DLPFC, 1st percentile (mm)",SimNIBS 4.6 head models (charm) + FEM simulation,simNIBS repo: scripts/extract_scalp_cortex_distance.py,mechanism,current,,,,Primary geometry measure.
dist_pial_min,efield,geometry,"F3-to-pial surface distance, nearest vertex (mm)",SimNIBS 4.6 head models (charm) + FEM simulation,simNIBS repo: scripts/extract_scalp_cortex_distance.py,secondary,current,,,,
dist_pial_p1,efield,geometry,"F3-to-pial surface distance, 1st percentile (mm)",SimNIBS 4.6 head models (charm) + FEM simulation,simNIBS repo: scripts/extract_scalp_cortex_distance.py,secondary,current,,,,
f3_x,efield,efield,"F3 electrode position, subject space (x, mm)",SimNIBS 4.6 head models (charm) + FEM simulation,simNIBS repo: scripts/extract_efield_roi.py,qc,current,,,,
f3_y,efield,efield,"F3 electrode position, subject space (y, mm)",SimNIBS 4.6 head models (charm) + FEM simulation,simNIBS repo: scripts/extract_efield_roi.py,qc,current,,,,
f3_z,efield,efield,"F3 electrode position, subject space (z, mm)",SimNIBS 4.6 head models (charm) + FEM simulation,simNIBS repo: scripts/extract_efield_roi.py,qc,current,,,,
icv_charm,efield,morphometry,Intracranial volume from charm segmentation (mm3),SimNIBS 4.6 head models (charm) + FEM simulation,simNIBS repo: scripts/extract_intracranial.py,secondary,current,,,,
layer_csf,efield,skull,CSF thickness along the F3-to-cortex ray (mm),SimNIBS 4.6 head models (charm) + FEM simulation,simNIBS repo: scripts/extract_skull_layers.py,secondary,current,,,,
layer_diploe,efield,skull,Diploe thickness along the F3-to-cortex ray (mm),SimNIBS 4.6 head models (charm) + FEM simulation,simNIBS repo: scripts/extract_skull_layers.py,secondary,unreliable,,,,Diploe/table split unreliable in charm; report total skull only.
layer_inner_table,efield,skull,Inner table thickness along the F3-to-cortex ray (mm),SimNIBS 4.6 head models (charm) + FEM simulation,simNIBS repo: scripts/extract_skull_layers.py,secondary,unreliable,,,,Diploe/table split unreliable in charm; report total skull only.
layer_other,efield,skull,Other tissue thickness along the F3-to-cortex ray (mm),SimNIBS 4.6 head models (charm) + FEM simulation,simNIBS repo: scripts/extract_skull_layers.py,qc,current,,,,
layer_outer_table,efield,skull,Outer table thickness along the F3-to-cortex ray (mm),SimNIBS 4.6 head models (charm) + FEM simulation,simNIBS repo: scripts/extract_skull_layers.py,secondary,unreliable,,,,Diploe/table split unreliable in charm; report total skull only.
layer_path,efield,skull,Total path thickness along the F3-to-cortex ray (mm),SimNIBS 4.6 head models (charm) + FEM simulation,simNIBS repo: scripts/extract_skull_layers.py,qc,current,,,,
layer_scalp,efield,skull,Scalp thickness along the F3-to-cortex ray (mm),SimNIBS 4.6 head models (charm) + FEM simulation,simNIBS repo: scripts/extract_skull_layers.py,secondary,current,,,,
layer_skull,efield,skull,Total skull thickness along the F3-to-cortex ray (mm),SimNIBS 4.6 head models (charm) + FEM simulation,simNIBS repo: scripts/extract_skull_layers.py,mechanism,current,,,,"Women thicken with age (r=+.67), men do not."
mean_magnE,efield,efield,Mean |E| in gray matter within 20 mm of F3 (V/m),SimNIBS 4.6 head models (charm) + FEM simulation,simNIBS repo: scripts/extract_efield_roi.py,outcome,current,E-field x age (Fig 1),,,Primary dose measure.
median_magnE,efield,efield,Median |E| in ROI (V/m),SimNIBS 4.6 head models (charm) + FEM simulation,simNIBS repo: scripts/extract_efield_roi.py,secondary,current,,,,
n_gm_elements_roi,efield,efield,Gray-matter elements inside ROI sphere,SimNIBS 4.6 head models (charm) + FEM simulation,simNIBS repo: scripts/extract_efield_roi.py,qc,current,,,,
p95_magnE,efield,efield,95th percentile |E| in ROI (V/m),SimNIBS 4.6 head models (charm) + FEM simulation,simNIBS repo: scripts/extract_efield_roi.py,secondary,current,,,,
parcel_mean_magnE,efield,efield,mean |E| over DK40 DLPFC parcel (rostral+caudal MFG),SimNIBS 4.6 head models (charm) + FEM simulation,simNIBS repo: scripts/extract_efield_parcel.py,secondary,current,,,,
parcel_median_magnE,efield,efield,median |E| over DK40 DLPFC parcel (rostral+caudal MFG),SimNIBS 4.6 head models (charm) + FEM simulation,simNIBS repo: scripts/extract_efield_parcel.py,secondary,current,,,,
parcel_n_vert,efield,efield,Vertices in DLPFC parcel,SimNIBS 4.6 head models (charm) + FEM simulation,simNIBS repo: scripts/extract_efield_parcel.py,qc,current,,,,
parcel_p95_magnE,efield,efield,p95 |E| over DK40 DLPFC parcel (rostral+caudal MFG),SimNIBS 4.6 head models (charm) + FEM simulation,simNIBS repo: scripts/extract_efield_parcel.py,secondary,current,,,,
peak_magnE,efield,efield,Peak |E| in ROI (V/m),SimNIBS 4.6 head models (charm) + FEM simulation,simNIBS repo: scripts/extract_efield_roi.py,secondary,current,,,,
roi_radius_mm,efield,efield,ROI sphere radius (mm),SimNIBS 4.6 head models (charm) + FEM simulation,simNIBS repo: scripts/extract_efield_roi.py,qc,current,,,,
skull_t1_n_rays,efield,skull,Rays contributing to T1 skull estimate,SimNIBS 4.6 head models (charm) + FEM simulation,simNIBS repo: scripts/extract_skull_t1.py,qc,current,,,,
skull_t1_outer,efield,skull,Outer skull boundary from T1 profile (mm),SimNIBS 4.6 head models (charm) + FEM simulation,simNIBS repo: scripts/extract_skull_t1.py,qc,current,,,,
skull_t1_span,efield,skull,"Skull thickness from T1 intensity profile, independent of charm (mm)",SimNIBS 4.6 head models (charm) + FEM simulation,simNIBS repo: scripts/extract_skull_t1.py,validation,current,,,,External check on layer_skull: r with |E| = -.23 vs -.78 for charm; mediation 18% vs 89%. Computed by skull_circularity.py.
slice_z_mni18,efield,qc,Subject-space z of MNI z=+18 (for Fig 2a slices),SimNIBS 4.6 head models (charm) + FEM simulation,simNIBS repo: scripts/extract_slice_landmark.py,qc,current,,,,
slice_z_spread,efield,qc,Spread of the MNI z=+18 mapping across the slice,SimNIBS 4.6 head models (charm) + FEM simulation,simNIBS repo: scripts/extract_slice_landmark.py,qc,current,,,,
std_magnE,efield,efield,SD of |E| in ROI (V/m),SimNIBS 4.6 head models (charm) + FEM simulation,simNIBS repo: scripts/extract_efield_roi.py,secondary,current,,,,
subject_id,efield,identifier,Participant ID,SimNIBS 4.6 head models (charm) + FEM simulation,simNIBS repo: scripts/extract_efield_roi.py,identifier,current,,,,
t1_only,efield,exclusion,Head model built without FLAIR,SimNIBS 4.6 head models (charm) + FEM simulation,simNIBS repo: scripts/run_pipeline.py -> extract_efield_roi.py,exclusion,current,,,,"7 subjects; excluded everywhere. Differ on CSF (p=.025) and |E| (p=.018), not skull (p=.58)."
brainseg_not_vent,freesurfer,morphometry,Brain segmentation volume excluding ventricles (mm3),"FreeSurfer 7.3.2 recon-all (FREESURFER_ROOT, 2 deliveries)",freesurfer_morph.run,secondary,current,,,,
brainseg_vol,freesurfer,morphometry,Brain segmentation volume (mm3),"FreeSurfer 7.3.2 recon-all (FREESURFER_ROOT, 2 deliveries)",freesurfer_morph.run,secondary,current,,,,
cortex_vol,freesurfer,morphometry,Cortical gray volume (mm3),"FreeSurfer 7.3.2 recon-all (FREESURFER_ROOT, 2 deliveries)",freesurfer_morph.run,secondary,current,,,,
dlpfc_gray_vol,freesurfer,morphometry,DLPFC gray volume (= lh),"FreeSurfer 7.3.2 recon-all (FREESURFER_ROOT, 2 deliveries)",freesurfer_morph.run,secondary,current,,,,
dlpfc_surf_area,freesurfer,morphometry,DLPFC surface area (= lh),"FreeSurfer 7.3.2 recon-all (FREESURFER_ROOT, 2 deliveries)",freesurfer_morph.run,secondary,current,,,,
dlpfc_thickness,freesurfer,morphometry,"DLPFC thickness (= lh, stimulated side)","FreeSurfer 7.3.2 recon-all (FREESURFER_ROOT, 2 deliveries)",freesurfer_morph.run,mechanism,current,,,,"Atrophy measure: r=-.64 with age, but unrelated to |E| once distance is modelled."
etiv,freesurfer,morphometry,Estimated total intracranial volume (Talairach-derived) (mm3),"FreeSurfer 7.3.2 recon-all (FREESURFER_ROOT, 2 deliveries)",freesurfer_morph.run,secondary,current,,,,"Registration-derived, not measured; normalising by it inherits its bias."
fs_delivery,freesurfer,qc,Delivery batch folder,"FreeSurfer 7.3.2 recon-all (FREESURFER_ROOT, 2 deliveries)",freesurfer_morph.run,qc,current,,,,
fs_version,freesurfer,qc,recon-all build stamp,"FreeSurfer 7.3.2 recon-all (FREESURFER_ROOT, 2 deliveries)",freesurfer_morph.run,qc,current,,,,Mixed versions abort the build.
lh_cortex_vol,freesurfer,morphometry,Left cortical gray volume (mm3),"FreeSurfer 7.3.2 recon-all (FREESURFER_ROOT, 2 deliveries)",freesurfer_morph.run,secondary,current,,,,
lh_dlpfc_gray_vol,freesurfer,morphometry,Left DLPFC gray volume (mm3),"FreeSurfer 7.3.2 recon-all (FREESURFER_ROOT, 2 deliveries)",freesurfer_morph.run,secondary,current,,,,
lh_dlpfc_n_vert,freesurfer,qc,Left DLPFC vertex count,"FreeSurfer 7.3.2 recon-all (FREESURFER_ROOT, 2 deliveries)",freesurfer_morph.run,qc,current,,,,
lh_dlpfc_surf_area,freesurfer,morphometry,Left DLPFC surface area (mm2),"FreeSurfer 7.3.2 recon-all (FREESURFER_ROOT, 2 deliveries)",freesurfer_morph.run,secondary,current,,,,
lh_dlpfc_thickness,freesurfer,morphometry,"Left DLPFC thickness, vertex-weighted (mm)","FreeSurfer 7.3.2 recon-all (FREESURFER_ROOT, 2 deliveries)",freesurfer_morph.run,secondary,current,,,,
lh_mean_thickness,freesurfer,morphometry,Left hemisphere mean cortical thickness (mm),"FreeSurfer 7.3.2 recon-all (FREESURFER_ROOT, 2 deliveries)",freesurfer_morph.run,secondary,current,,,,
lh_n_parcels,freesurfer,qc,Left DK parcels found (expect 34),"FreeSurfer 7.3.2 recon-all (FREESURFER_ROOT, 2 deliveries)",freesurfer_morph.run,qc,current,,,,
lh_white_surf_area,freesurfer,morphometry,Left white surface area (mm2),"FreeSurfer 7.3.2 recon-all (FREESURFER_ROOT, 2 deliveries)",freesurfer_morph.run,secondary,current,,,,
mask_vol,freesurfer,morphometry,Brain mask volume (mm3),"FreeSurfer 7.3.2 recon-all (FREESURFER_ROOT, 2 deliveries)",freesurfer_morph.run,secondary,current,,,,
rh_cortex_vol,freesurfer,morphometry,Right cortical gray volume (mm3),"FreeSurfer 7.3.2 recon-all (FREESURFER_ROOT, 2 deliveries)",freesurfer_morph.run,secondary,current,,,,
rh_dlpfc_gray_vol,freesurfer,morphometry,Right DLPFC gray volume (mm3),"FreeSurfer 7.3.2 recon-all (FREESURFER_ROOT, 2 deliveries)",freesurfer_morph.run,secondary,current,,,,
rh_dlpfc_n_vert,freesurfer,qc,Right DLPFC vertex count,"FreeSurfer 7.3.2 recon-all (FREESURFER_ROOT, 2 deliveries)",freesurfer_morph.run,qc,current,,,,
rh_dlpfc_surf_area,freesurfer,morphometry,Right DLPFC surface area (mm2),"FreeSurfer 7.3.2 recon-all (FREESURFER_ROOT, 2 deliveries)",freesurfer_morph.run,secondary,current,,,,
rh_dlpfc_thickness,freesurfer,morphometry,"Right DLPFC thickness, vertex-weighted (mm)","FreeSurfer 7.3.2 recon-all (FREESURFER_ROOT, 2 deliveries)",freesurfer_morph.run,secondary,current,,,,
rh_mean_thickness,freesurfer,morphometry,Right hemisphere mean cortical thickness (mm),"FreeSurfer 7.3.2 recon-all (FREESURFER_ROOT, 2 deliveries)",freesurfer_morph.run,secondary,current,,,,
rh_n_parcels,freesurfer,qc,Right DK parcels found (expect 34),"FreeSurfer 7.3.2 recon-all (FREESURFER_ROOT, 2 deliveries)",freesurfer_morph.run,qc,current,,,,
rh_white_surf_area,freesurfer,morphometry,Right white surface area (mm2),"FreeSurfer 7.3.2 recon-all (FREESURFER_ROOT, 2 deliveries)",freesurfer_morph.run,secondary,current,,,,
subcort_gray_vol,freesurfer,morphometry,Subcortical gray volume (mm3),"FreeSurfer 7.3.2 recon-all (FREESURFER_ROOT, 2 deliveries)",freesurfer_morph.run,secondary,current,,,,
subject_id,freesurfer,identifier,Participant ID,"FreeSurfer 7.3.2 recon-all (FREESURFER_ROOT, 2 deliveries)",freesurfer_morph.run,identifier,current,,,,
supratentorial_notvent_vol,freesurfer,morphometry,Supratentorial volume excluding ventricles (mm3),"FreeSurfer 7.3.2 recon-all (FREESURFER_ROOT, 2 deliveries)",freesurfer_morph.run,secondary,current,,,,
supratentorial_vol,freesurfer,morphometry,Supratentorial volume (mm3),"FreeSurfer 7.3.2 recon-all (FREESURFER_ROOT, 2 deliveries)",freesurfer_morph.run,secondary,current,,,,
surface_holes,freesurfer,morphometry,Surface topological defects before fixing (count),"FreeSurfer 7.3.2 recon-all (FREESURFER_ROOT, 2 deliveries)",freesurfer_morph.run,qc,current,,,,
total_gray_vol,freesurfer,morphometry,Total gray matter volume (mm3),"FreeSurfer 7.3.2 recon-all (FREESURFER_ROOT, 2 deliveries)",freesurfer_morph.run,secondary,current,,,,
ventricle_choroid_vol,freesurfer,morphometry,Ventricle + choroid plexus volume (mm3),"FreeSurfer 7.3.2 recon-all (FREESURFER_ROOT, 2 deliveries)",freesurfer_morph.run,secondary,current,,,,Atrophy marker; tested in fig_atrophy_vs_geometry.
white_matter_vol,freesurfer,morphometry,Cerebral white matter volume (mm3),"FreeSurfer 7.3.2 recon-all (FREESURFER_ROOT, 2 deliveries)",freesurfer_morph.run,secondary,current,,,,
iaf,itf,eeg,"Individual alpha frequency, posterior channels, 1/f removed (Hz)","EEG resting baseline, run 1 (data/nic)",individual_theta.py -> estimate_subject,secondary,current,,,,"0.5 Hz resolution (2 s Welch windows): 26 of 55 at exactly 10.0 Hz. Four at 12-13 Hz, where the peak may not be alpha."
in_dissertation,itf,qc,In the defended N = 39 sample,"EEG resting baseline, run 1 (data/nic)",individual_theta.py -> estimate_subject,qc,current,,,,
itf_distance,itf,eeg,|iTF - 6 Hz|: distance from the stimulation frequency,"EEG resting baseline, run 1 (data/nic)",individual_theta.py -> estimate_subject,moderator,current,7.6 (exploratory),,,Inherits the clipping above: clipped subjects all get 2.0.
itf_klimesch,itf,eeg,"Individual theta frequency = IAF - 5 Hz, clipped to 4-8 Hz","EEG resting baseline, run 1 (data/nic)",individual_theta.py -> estimate_subject,moderator,current,7.6 (exploratory),,,Clipping: the 5 subjects with IAF < 9 Hz sit at exactly 4.0; the two with IAF 13 Hz at 8.0. Inherits IAF resolution.
max_channels,itf,qc,Channels available,"EEG resting baseline, run 1 (data/nic)",individual_theta.py -> estimate_subject,qc,current,,,,
n_iaf_runs,itf,qc,Runs contributing an IAF,"EEG resting baseline, run 1 (data/nic)",individual_theta.py -> estimate_subject,qc,current,,,,
n_theta_runs,itf,qc,Runs contributing a direct theta peak,"EEG resting baseline, run 1 (data/nic)",individual_theta.py -> estimate_subject,qc,current,,,,
runs_used,itf,qc,Runs requested,"EEG resting baseline, run 1 (data/nic)",individual_theta.py -> estimate_subject,qc,current,,,,
subject_id,itf,identifier,Participant ID,"EEG resting baseline, run 1 (data/nic)",individual_theta.py -> estimate_subject,identifier,current,,,,
theta_peak_fcz,itf,eeg,"Direct frontal-midline theta peak, where recorded (Hz)","EEG resting baseline, run 1 (data/nic)",individual_theta.py -> estimate_subject,secondary,current,,enrollment-gated,"Coverage (11/60) skews to later-enrolled subjects by design, not by chance. FCz is one of the four stimulating electrodes, so it records EEG only under the post-defense protocol and only on non-stimulation runs; dissertation-era subjects have 3 usable channels (F4, P4, P3) throughout. This is a validation-only measure for the Klimesch offset and is not used in any reported test.",
active_accuracy,master,behaviour_accuracy,Active session: proportion optimal choices,Bandit task behaviour (data/bandit),accuracy_analysis.compute_condition_level_accuracy -> cognitive_merge.build_subject_df,outcome,current,,by-design,Requires both sessions (H2-eligible subjects only).,
active_alpha,master,behaviour_rl_mle,Active session: RW learning rate (MLE),Bandit task behaviour (data/bandit),rescorla_wagner.fit_rw_by_condition(method=mle) -> cognitive_merge.build_subject_df,outcome,current,,by-design,Requires both sessions (H2-eligible subjects only).,MLE alpha pinned at 0/1 for ~1/3 of subjects; see _hb.
active_alpha_hb,master,behaviour_rl_hb,"Active: RW alpha, hierarchical posterior mean",derivatives/rl_models/rw_within_all_subjects.csv,"rl_models/run_fit.py (fit_within, NumPyro NUTS) -> cognitive_merge.build_subject_df",outcome,current,,by-design,Hierarchical fit restricted to the 55 subjects with both conditions.,
active_alpha_sd_hb,master,behaviour_rl_hb,"Active: RW alpha, posterior SD",derivatives/rl_models/rw_within_all_subjects.csv,"rl_models/run_fit.py (fit_within, NumPyro NUTS) -> cognitive_merge.build_subject_df",qc,current,,by-design,As above.,
active_asymptotic_acc,master,behaviour_derived,Active session: proportion correct in the 5 trials before a reversal (stable-contingency performance),Bandit task behaviour (data/bandit),derived_behaviour.compute_derived_behaviour -> build_master_data -> cognitive_merge.build_subject_df,outcome,current,exploratory,,,Trial column recorded from the first session; unused in the pipeline until 2026-09-22.
active_beta,master,behaviour_rl_mle,Active session: RW inverse temperature (MLE),Bandit task behaviour (data/bandit),rescorla_wagner.fit_rw_by_condition(method=mle) -> cognitive_merge.build_subject_df,outcome,current,,by-design,Requires both sessions (H2-eligible subjects only).,MLE and hierarchical beta disagree (active r=.013); see _hb.
active_beta_hb,master,behaviour_rl_hb,"Active: RW beta, hierarchical posterior mean",derivatives/rl_models/rw_within_all_subjects.csv,"rl_models/run_fit.py (fit_within, NumPyro NUTS) -> cognitive_merge.build_subject_df",outcome,current,,by-design,Hierarchical fit restricted to the 55 subjects with both conditions.,
active_beta_sd_hb,master,behaviour_rl_hb,"Active: RW beta, posterior SD",derivatives/rl_models/rw_within_all_subjects.csv,"rl_models/run_fit.py (fit_within, NumPyro NUTS) -> cognitive_merge.build_subject_df",qc,current,,by-design,As above.,
active_guess_stim_rate,master,behaviour_derived,Active session: proportion of runs the participant said they believed they were being stimulated,Bandit task behaviour (data/bandit),derived_behaviour.score_blinding -> build_master_data -> cognitive_merge.build_subject_df,qc,current,blinding check,,,Blinding integrity. delta_guess_stim_rate is the discrimination index (active - sham).
active_lapse_rate,master,behaviour_derived,Active session: proportion of trials with no response,Bandit task behaviour (data/bandit),derived_behaviour.compute_derived_behaviour -> build_master_data -> cognitive_merge.build_subject_df,outcome,current,exploratory,,,Trial column recorded from the first session; unused in the pipeline until 2026-09-22.
active_n_rt_trials,master,behaviour_derived,Active session: number of trials contributing to the RT measures,Bandit task behaviour (data/bandit),derived_behaviour.compute_derived_behaviour -> build_master_data -> cognitive_merge.build_subject_df,qc,current,exploratory,,,Trial column recorded from the first session; unused in the pipeline until 2026-09-22.
active_p_shift_lose,master,behaviour_wsls,Active session: P(shift | lose),Bandit task behaviour (data/bandit),wsls.compute_wsls_h1_h2 -> cognitive_merge.build_subject_df,outcome,current,,by-design,Requires both sessions (H2-eligible subjects only).,
active_p_stay_win,master,behaviour_wsls,Active session: P(stay | win),Bandit task behaviour (data/bandit),wsls.compute_wsls_h1_h2 -> cognitive_merge.build_subject_df,outcome,current,,by-design,Requires both sessions (H2-eligible subjects only).,
active_persev_errors,master,behaviour_derived,Active session: proportion incorrect in the 5 trials after a reversal (perseveration on the previously-good option),Bandit task behaviour (data/bandit),derived_behaviour.compute_derived_behaviour -> build_master_data -> cognitive_merge.build_subject_df,outcome,current,exploratory,,,Trial column recorded from the first session; unused in the pipeline until 2026-09-22.
active_rt_cv,master,behaviour_derived,Active session: coefficient of variation of response time,Bandit task behaviour (data/bandit),derived_behaviour.compute_derived_behaviour -> build_master_data -> cognitive_merge.build_subject_df,outcome,current,exploratory,,,Trial column recorded from the first session; unused in the pipeline until 2026-09-22.
active_rt_mean,master,behaviour_derived,"Active session: mean response time (ms), trials 200-1990 ms",Bandit task behaviour (data/bandit),derived_behaviour.compute_derived_behaviour -> build_master_data -> cognitive_merge.build_subject_df,outcome,current,H1 baseline; exploratory,,,Trial column recorded from the first session; unused in the pipeline until 2026-09-22.
active_rt_post_error,master,behaviour_derived,"Active session: post-error slowing: mean RT after an incorrect choice minus after a correct one, within run",Bandit task behaviour (data/bandit),derived_behaviour.compute_derived_behaviour -> build_master_data -> cognitive_merge.build_subject_df,outcome,current,exploratory,,,Trial column recorded from the first session; unused in the pipeline until 2026-09-22.
active_rt_post_loss,master,behaviour_derived,"Active session: post-loss slowing: mean RT after an unrewarded trial minus after a rewarded one, within run",Bandit task behaviour (data/bandit),derived_behaviour.compute_derived_behaviour -> build_master_data -> cognitive_merge.build_subject_df,outcome,current,exploratory,,,Trial column recorded from the first session; unused in the pipeline until 2026-09-22.
active_rt_sd,master,behaviour_derived,Active session: SD of response time (ms),Bandit task behaviour (data/bandit),derived_behaviour.compute_derived_behaviour -> build_master_data -> cognitive_merge.build_subject_df,outcome,current,exploratory,,,Trial column recorded from the first session; unused in the pipeline until 2026-09-22.
active_switch_rate,master,behaviour_derived,Active session: proportion of consecutive within-run trials on which the choice changed,Bandit task behaviour (data/bandit),derived_behaviour.compute_derived_behaviour -> build_master_data -> cognitive_merge.build_subject_df,outcome,current,exploratory,,,Trial column recorded from the first session; unused in the pipeline until 2026-09-22.
active_ttc,master,behaviour_accuracy,Active session: mean trials to criterion after a reversal,Bandit task behaviour (data/bandit),reversal_analysis.identify_reversals + compute_trials_to_criterion -> build_master_data -> cognitive_merge.build_subject_df,outcome,current,,by-design,Requires both sessions (H2-eligible subjects only).,"Parameters in config (TTC_CRITERION, REVERSAL_WINDOW_*). Moved from notebook-only to the master build 2026-09-22."
active_ttc_censored,master,behaviour_accuracy,"Active session: mean trials-to-criterion with unsolved reversals filled with the trials available (a lower bound), removing the survivorship bias in the raw mean",Bandit task behaviour (data/bandit),reversal_analysis.compute_trials_to_criterion -> build_master_data -> cognitive_merge.build_subject_df,outcome,current,H2.1; H2.2,,,Primary under TTC_CENSORING = censored. The raw column averages only solved reversals.
active_ttc_reach_rate,master,behaviour_accuracy,Active session: proportion of reversals on which criterion was reached,Bandit task behaviour (data/bandit),reversal_analysis.compute_trials_to_criterion -> build_master_data -> cognitive_merge.build_subject_df,outcome,current,exploratory,,,The quantity the raw TTC mean was silently conditioning on.
active_win_rate,master,behaviour_accuracy,Active session: proportion rewarded trials,Bandit task behaviour (data/bandit),accuracy_analysis.compute_condition_level_accuracy -> cognitive_merge.build_subject_df,outcome,current,,by-design,Requires both sessions (H2-eligible subjects only).,
age,master,demographics,Age in years (self-report),REDCap tACS Bandit export (REDCAP_TACS_PATH),cognitive_merge.extract_demographics,predictor,current,"H1.1, H1.2, H2.2, all age models",,,"Self-report calculated field: (Today's Date - birthdate)/365.25, exact for all 152 REDCap records. 11542 recovered from Participant Date of Birth by the same formula (age_source = dob_fallback). TabCAT DOB is wrong for 10606 and 10741; never use it for age."
age_source,master,demographics,Where age came from: redcap_age (REDCap calculated field) or dob_fallback (same formula from Participant Date of Birth),REDCap tACS Bandit export (REDCAP_TACS_PATH),cognitive_merge.extract_demographics,qc,current,,individual,Missing only where age itself is missing.,
aq_attention_detail,master,survey_exploratory,AQ attention to detail,REDCap RF1 FullScoring export (REDCAP_RF1_PATH),cognitive_merge.load_rf1_exploratory,exploratory,current,,,,
aq_attention_switching,master,survey_exploratory,AQ attention switching,REDCap RF1 FullScoring export (REDCAP_RF1_PATH),cognitive_merge.load_rf1_exploratory,exploratory,current,,,,
aq_communication,master,survey_exploratory,AQ communication,REDCap RF1 FullScoring export (REDCAP_RF1_PATH),cognitive_merge.load_rf1_exploratory,exploratory,current,,,,
aq_imagination,master,survey_exploratory,AQ imagination,REDCap RF1 FullScoring export (REDCAP_RF1_PATH),cognitive_merge.load_rf1_exploratory,exploratory,current,,,,
aq_social_skill,master,survey_exploratory,AQ social skill,REDCap RF1 FullScoring export (REDCAP_RF1_PATH),cognitive_merge.load_rf1_exploratory,exploratory,current,,,,
aq_total,master,survey_exploratory,Autism Quotient total,REDCap RF1 FullScoring export (REDCAP_RF1_PATH),cognitive_merge.load_rf1_exploratory,exploratory,current,,,,
attention_composite,master,cognitive_composite,Legacy attention domain (mean of available z-scores),z-scored cognition columns,cognitive_merge.compute_cognitive_composites,legacy,legacy,,,,Input count varies with age; do not use for new work.
attention_n_measures,master,item_count,Inputs behind attention_composite,derived,cognitive_merge.compute_cognitive_composites,qc,legacy,,,,
audit_total,master,survey_substance,AUDIT alcohol,REDCap RF1 raw export (REDCAP_RF1_RAW_PATH),cognitive_merge.load_rf1_substance_mood,exploratory,current,,enrollment-gated,Collected for early enrollees only (protocol changed). Not recoverable.,
bbs_avg,master,survey_other,BBS mean item score,REDCap tACS Bandit export (REDCAP_TACS_PATH),cognitive_merge.score_bbs,exploratory,unavailable,,,,"PENDING: needs a raw (numeric) REDCap export of the tACS BBS fields. The labels export drops every 2-6 response, so old scores (-6/-1/0) used endpoint answers only. score_bbs refuses a labels export. Also: 7 of 14 bias labels match no column."
bbs_n_items,master,item_count,Items answered for BBS,REDCap tACS Bandit export (REDCAP_TACS_PATH),cognitive_merge.score_bbs,qc,unavailable,,,,See bbs_avg.
bpsqi_disturbance,master,survey_sleep,Brief PSQI component: disturbance,REDCap tACS Bandit export (REDCAP_TACS_PATH),cognitive_merge.score_bpsqi,exploratory,current,,,,
bpsqi_duration,master,survey_sleep,Brief PSQI component: duration,REDCap tACS Bandit export (REDCAP_TACS_PATH),cognitive_merge.score_bpsqi,exploratory,current,,,,
bpsqi_global,master,survey_sleep,Brief PSQI global score,REDCap tACS Bandit export (REDCAP_TACS_PATH),cognitive_merge.score_bpsqi,exploratory,current,,,,
bpsqi_latency,master,survey_sleep,Brief PSQI component: latency,REDCap tACS Bandit export (REDCAP_TACS_PATH),cognitive_merge.score_bpsqi,exploratory,current,,,,
bpsqi_n_items,master,item_count,Items answered for BPSQI,REDCap tACS Bandit export (REDCAP_TACS_PATH),cognitive_merge.score_bpsqi,qc,current,,,,
bpsqi_quality,master,survey_sleep,Brief PSQI component: quality,REDCap tACS Bandit export (REDCAP_TACS_PATH),cognitive_merge.score_bpsqi,exploratory,current,,,,
bsmas_total,master,survey_affect_social,Bergen Social Media Addiction Scale,REDCap RF1 FullScoring export (REDCAP_RF1_PATH),cognitive_merge.load_rf1_extended,exploratory,current,,,,
bvmt_total,master,cognition,BVMT-R total,REDCap RF1 raw export (REDCAP_RF1_RAW_PATH),cognitive_merge.load_rf1_raw,legacy_composite_input,legacy,,age-gated,"Administered from ~age 56 only (24-28 of 29 aged 56+, 1 of 36 below). Not recoverable.",
crt_n_items,master,item_count,Items answered for CRT,REDCap tACS Bandit export (REDCAP_TACS_PATH),cognitive_merge.score_crt,qc,current,,,,
crt_total,master,survey_decision,Cognitive Reflection Test total (tACS REDCap),REDCap tACS Bandit export (REDCAP_TACS_PATH),cognitive_merge.score_crt,exploratory,current,,,,
delta_accuracy,master,behaviour_accuracy,Active minus sham: proportion optimal choices,Bandit task behaviour (data/bandit),accuracy_analysis.compute_condition_level_accuracy -> cognitive_merge.build_subject_df,outcome,current,H2.2,by-design,Requires both sessions (H2-eligible subjects only).,
delta_alpha,master,behaviour_rl_mle,Active minus sham: RW learning rate (MLE),Bandit task behaviour (data/bandit),rescorla_wagner.fit_rw_by_condition(method=mle) -> cognitive_merge.build_subject_df,outcome,current,H2.2,by-design,Requires both sessions (H2-eligible subjects only).,MLE alpha pinned at 0/1 for ~1/3 of subjects; see _hb.
delta_alpha_hb,master,behaviour_rl_hb,"Active minus sham RW alpha, hierarchical",derivatives/rl_models/rw_within_all_subjects.csv,"rl_models/run_fit.py (fit_within, NumPyro NUTS) -> cognitive_merge.build_subject_df",outcome,current,,by-design,As above.,
delta_asymptotic_acc,master,behaviour_derived,Active minus sham: proportion correct in the 5 trials before a reversal (stable-contingency performance),Bandit task behaviour (data/bandit),derived_behaviour.compute_derived_behaviour -> build_master_data -> cognitive_merge.build_subject_df,outcome,current,exploratory,,,Trial column recorded from the first session; unused in the pipeline until 2026-09-22.
delta_beta,master,behaviour_rl_mle,Active minus sham: RW inverse temperature (MLE),Bandit task behaviour (data/bandit),rescorla_wagner.fit_rw_by_condition(method=mle) -> cognitive_merge.build_subject_df,outcome,current,H2.2,by-design,Requires both sessions (H2-eligible subjects only).,MLE and hierarchical beta disagree (active r=.013); see _hb.
delta_beta_hb,master,behaviour_rl_hb,"Active minus sham RW beta, hierarchical",derivatives/rl_models/rw_within_all_subjects.csv,"rl_models/run_fit.py (fit_within, NumPyro NUTS) -> cognitive_merge.build_subject_df",outcome,current,,by-design,As above.,
delta_guess_stim_rate,master,behaviour_derived,Active minus sham: proportion of runs the participant said they believed they were being stimulated,Bandit task behaviour (data/bandit),derived_behaviour.score_blinding -> build_master_data -> cognitive_merge.build_subject_df,qc,current,blinding check,,,Blinding integrity. delta_guess_stim_rate is the discrimination index (active - sham).
delta_lapse_rate,master,behaviour_derived,Active minus sham: proportion of trials with no response,Bandit task behaviour (data/bandit),derived_behaviour.compute_derived_behaviour -> build_master_data -> cognitive_merge.build_subject_df,outcome,current,exploratory,,,Trial column recorded from the first session; unused in the pipeline until 2026-09-22.
delta_n_rt_trials,master,behaviour_derived,Active minus sham: number of trials contributing to the RT measures,Bandit task behaviour (data/bandit),derived_behaviour.compute_derived_behaviour -> build_master_data -> cognitive_merge.build_subject_df,qc,current,exploratory,,,Trial column recorded from the first session; unused in the pipeline until 2026-09-22.
delta_p_shift_lose,master,behaviour_wsls,Active minus sham: P(shift | lose),Bandit task behaviour (data/bandit),wsls.compute_wsls_h1_h2 -> cognitive_merge.build_subject_df,outcome,current,H2.2,by-design,Requires both sessions (H2-eligible subjects only).,
delta_p_stay_win,master,behaviour_wsls,Active minus sham: P(stay | win),Bandit task behaviour (data/bandit),wsls.compute_wsls_h1_h2 -> cognitive_merge.build_subject_df,outcome,current,H2.2,by-design,Requires both sessions (H2-eligible subjects only).,
delta_persev_errors,master,behaviour_derived,Active minus sham: proportion incorrect in the 5 trials after a reversal (perseveration on the previously-good option),Bandit task behaviour (data/bandit),derived_behaviour.compute_derived_behaviour -> build_master_data -> cognitive_merge.build_subject_df,outcome,current,exploratory,,,Trial column recorded from the first session; unused in the pipeline until 2026-09-22.
delta_rt_cv,master,behaviour_derived,Active minus sham: coefficient of variation of response time,Bandit task behaviour (data/bandit),derived_behaviour.compute_derived_behaviour -> build_master_data -> cognitive_merge.build_subject_df,outcome,current,exploratory,,,Trial column recorded from the first session; unused in the pipeline until 2026-09-22.
delta_rt_mean,master,behaviour_derived,"Active minus sham: mean response time (ms), trials 200-1990 ms",Bandit task behaviour (data/bandit),derived_behaviour.compute_derived_behaviour -> build_master_data -> cognitive_merge.build_subject_df,outcome,current,H1 baseline; exploratory,,,Trial column recorded from the first session; unused in the pipeline until 2026-09-22.
delta_rt_post_error,master,behaviour_derived,"Active minus sham: post-error slowing: mean RT after an incorrect choice minus after a correct one, within run",Bandit task behaviour (data/bandit),derived_behaviour.compute_derived_behaviour -> build_master_data -> cognitive_merge.build_subject_df,outcome,current,exploratory,,,Trial column recorded from the first session; unused in the pipeline until 2026-09-22.
delta_rt_post_loss,master,behaviour_derived,"Active minus sham: post-loss slowing: mean RT after an unrewarded trial minus after a rewarded one, within run",Bandit task behaviour (data/bandit),derived_behaviour.compute_derived_behaviour -> build_master_data -> cognitive_merge.build_subject_df,outcome,current,exploratory,,,Trial column recorded from the first session; unused in the pipeline until 2026-09-22.
delta_rt_sd,master,behaviour_derived,Active minus sham: SD of response time (ms),Bandit task behaviour (data/bandit),derived_behaviour.compute_derived_behaviour -> build_master_data -> cognitive_merge.build_subject_df,outcome,current,exploratory,,,Trial column recorded from the first session; unused in the pipeline until 2026-09-22.
delta_switch_rate,master,behaviour_derived,Active minus sham: proportion of consecutive within-run trials on which the choice changed,Bandit task behaviour (data/bandit),derived_behaviour.compute_derived_behaviour -> build_master_data -> cognitive_merge.build_subject_df,outcome,current,exploratory,,,Trial column recorded from the first session; unused in the pipeline until 2026-09-22.
delta_ttc,master,behaviour_accuracy,Active minus sham trials to criterion,Bandit task behaviour (data/bandit),reversal_analysis.identify_reversals + compute_trials_to_criterion -> build_master_data -> cognitive_merge.build_subject_df,outcome,current,"H2.1, H2.2",by-design,Requires both sessions (H2-eligible subjects only).,"Parameters in config (TTC_CRITERION, REVERSAL_WINDOW_*). Moved from notebook-only to the master build 2026-09-22."
delta_ttc_censored,master,behaviour_accuracy,"Active minus sham: mean trials-to-criterion with unsolved reversals filled with the trials available (a lower bound), removing the survivorship bias in the raw mean",Bandit task behaviour (data/bandit),reversal_analysis.compute_trials_to_criterion -> build_master_data -> cognitive_merge.build_subject_df,outcome,current,H1 baseline; H2.1; H2.2,,,Primary under TTC_CENSORING = censored. The raw column averages only solved reversals.
delta_ttc_reach_rate,master,behaviour_accuracy,Active minus sham: proportion of reversals on which criterion was reached,Bandit task behaviour (data/bandit),reversal_analysis.compute_trials_to_criterion -> build_master_data -> cognitive_merge.build_subject_df,outcome,current,exploratory,,,The quantity the raw TTC mean was silently conditioning on.
delta_win_rate,master,behaviour_accuracy,Active minus sham: proportion rewarded trials,Bandit task behaviour (data/bandit),accuracy_analysis.compute_condition_level_accuracy -> cognitive_merge.build_subject_df,outcome,current,H2.2,by-design,Requires both sessions (H2-eligible subjects only).,
digit_span_total,master,cognition,Digit Span total,REDCap RF1 raw export (REDCAP_RF1_RAW_PATH),cognitive_merge.load_rf1_raw,legacy_composite_input,legacy,,age-gated,"Administered from ~age 56 only (24-28 of 29 aged 56+, 1 of 36 below). Not recoverable.",
dudit_total,master,survey_substance,DUDIT drug use,REDCap RF1 raw export (REDCAP_RF1_RAW_PATH),cognitive_merge.load_rf1_substance_mood,exploratory,current,,enrollment-gated,Collected for early enrollees only (protocol changed). Not recoverable.,
education_source,master,demographics,"Which source education_years came from: rf1_raw, island_screener or tabcat",derived,cognitive_merge.build_subject_df,qc,current,,individual,Missing only where education itself is missing.,
education_years,master,demographics,Years of education,RF1 raw -> island screener -> TabCAT (in that order; see education_source),cognitive_merge.build_subject_df,covariate,current,"H1.1, H1.2",,,Sources ranked by agreement: RF1 vs island r=.88; RF1 vs TabCAT r=.35. Unrelated to cognition (r=.07) because of range restriction (63% 16+ y) and an age confound (edu x age r=+.28). VERIFY IN REDCAP: 11885 = 2 y (RF1 and island agree; TabCAT says 18); 10590 = 19 y from RF1 while TabCAT and island both say 7.
ef_composite,master,cognitive_composite,"Legacy executive function (Running Dots, Flanker, Trails B-A)",derived,cognitive_merge.compute_cognitive_composites,legacy,legacy,,,,
ef_n_measures,master,item_count,Inputs behind ef_composite,derived,cognitive_merge.compute_cognitive_composites,qc,legacy,,,,
ef_reduced,master,cognitive_composite,"Uniform executive function domain: Flanker, Set Shifting and Running Dots (inhibition, shifting, updating)",z-scored cognition columns,cognitive_merge.compute_cognitive_composites,covariate_component,current,,,,"Renamed from attention_reduced 2026-09-22: its three tasks are the standard EF components (Miyake et al., 2000). Correlates .91 with the legacy ef_composite."
ef_reduced_n,master,item_count,Inputs behind ef_reduced,derived,cognitive_merge.compute_cognitive_composites,qc,current,,,,
eros_ext_improving,master,survey_affect_social,EROS extrinsic improving,REDCap RF1 FullScoring export (REDCAP_RF1_PATH),cognitive_merge.load_rf1_extended,exploratory,current,,,,
eros_ext_worsening,master,survey_affect_social,EROS extrinsic worsening,REDCap RF1 FullScoring export (REDCAP_RF1_PATH),cognitive_merge.load_rf1_extended,exploratory,current,,,,
eros_int_improving,master,survey_affect_social,EROS intrinsic improving,REDCap RF1 FullScoring export (REDCAP_RF1_PATH),cognitive_merge.load_rf1_extended,exploratory,current,,,,
eros_int_worsening,master,survey_affect_social,EROS intrinsic worsening,REDCap RF1 FullScoring export (REDCAP_RF1_PATH),cognitive_merge.load_rf1_extended,exploratory,current,,,,
ethnicity,master,demographics,Ethnicity,REDCap tACS Bandit export (REDCAP_TACS_PATH),cognitive_merge.extract_demographics,descriptive,current,,,,
ffmq_actaware,master,survey_mindfulness,FFMQ facet: actaware,REDCap tACS Bandit export (REDCAP_TACS_PATH),cognitive_merge.score_ffmq,exploratory,current,,,,
ffmq_describe,master,survey_mindfulness,FFMQ facet: describe,REDCap tACS Bandit export (REDCAP_TACS_PATH),cognitive_merge.score_ffmq,exploratory,current,,,,
ffmq_n_items,master,item_count,Items answered for FFMQ,REDCap tACS Bandit export (REDCAP_TACS_PATH),cognitive_merge.score_ffmq,qc,current,,,,
ffmq_nonjudge,master,survey_mindfulness,FFMQ facet: nonjudge,REDCap tACS Bandit export (REDCAP_TACS_PATH),cognitive_merge.score_ffmq,exploratory,current,,,,
ffmq_nonreact,master,survey_mindfulness,FFMQ facet: nonreact,REDCap tACS Bandit export (REDCAP_TACS_PATH),cognitive_merge.score_ffmq,exploratory,current,,,,
ffmq_observe,master,survey_mindfulness,FFMQ facet: observe,REDCap tACS Bandit export (REDCAP_TACS_PATH),cognitive_merge.score_ffmq,exploratory,current,,,,
ffmq_total,master,survey_mindfulness,FFMQ total,REDCap tACS Bandit export (REDCAP_TACS_PATH),cognitive_merge.score_ffmq,exploratory,current,,,,
ffmq_total_no_obs,master,survey_mindfulness,FFMQ total excluding Observe facet,REDCap tACS Bandit export (REDCAP_TACS_PATH),cognitive_merge.score_ffmq,exploratory,current,,,,
flanker_score,master,cognition,TabCAT Flanker total score,TabCAT export (TABCAT_PATH + legacy),cognitive_merge.load_tabcat,composite_input,current,,,,"Ceiling: Shapiro W=.92, p<.001. Uses the raw TabCAT score. Do NOT substitute TabCAT *_Z columns: they are age-normed from the tablet DOB, which is wrong for 10606 (TabCAT 66 vs true 22) and 10741 (28 vs 37)."
gender,master,demographics,Gender,REDCap tACS Bandit export (REDCAP_TACS_PATH),cognitive_merge.extract_demographics,covariate,current,,,,
global_composite,master,cognitive_composite,Legacy global cognition (mean of 3 legacy domains),derived,cognitive_merge.compute_cognitive_composites,legacy,legacy,"H1.1, H1.2, H2.2 as preregistered",,,Memory input count tracks age r=+.90. Set COG_COMPOSITE to use it; compare_composites.py runs both.
global_n_domains,master,item_count,Domains behind global_composite,derived,cognitive_merge.compute_cognitive_composites,qc,legacy,,,,
global_reduced,master,cognitive_composite,Global cognition: mean of attention/memory/speed _reduced,derived,cognitive_merge.compute_cognitive_composites,covariate,current,"H1.1, H1.2, H2.2 (COG_COMPOSITE)",,,alpha=.79; KBIT r=+.47; r=.96 with global_composite. 1 of 19 models changes vs legacy (see compare_composites.py).
global_reduced_n,master,item_count,Inputs behind global_reduced (of 6),derived,cognitive_merge.compute_cognitive_composites,qc,current,,,,
gti_score,master,survey_exploratory,GTI score,REDCap RF1 FullScoring export (REDCAP_RF1_PATH),cognitive_merge.load_rf1_exploratory,exploratory,current,,enrollment-gated,"Missing for enrollment ranks 1, 2, 5, 7, 8: added to the RF1 protocol after the first eight subjects. Not recoverable.",
gullibility_insensitivity,master,survey_exploratory,Gullibility: insensitivity,REDCap RF1 FullScoring export (REDCAP_RF1_PATH),cognitive_merge.load_rf1_exploratory,exploratory,current,,,,
gullibility_total,master,survey_exploratory,Gullibility total,REDCap RF1 FullScoring export (REDCAP_RF1_PATH),cognitive_merge.load_rf1_exploratory,exploratory,current,,,,
har_score,master,cognition,HAR score,REDCap RF1 FullScoring export (REDCAP_RF1_PATH),cognitive_merge.load_rf1_fullscoring,exploratory,current,,,,
hvlt_total,master,cognition,HVLT-R total recall,REDCap RF1 FullScoring export (REDCAP_RF1_PATH),cognitive_merge.load_rf1_fullscoring,composite_input,current,,,,Sole memory input to global_reduced; no age relationship (r=-.16) and near-orthogonal to Flanker.
ios_computer,master,survey_exploratory,Inclusion of Other in Self: computer,REDCap RF1 FullScoring export (REDCAP_RF1_PATH),cognitive_merge.load_rf1_exploratory,exploratory,current,,,,
ios_friend,master,survey_exploratory,Inclusion of Other in Self: friend,REDCap RF1 FullScoring export (REDCAP_RF1_PATH),cognitive_merge.load_rf1_exploratory,exploratory,current,,,,
ios_investment_stranger,master,survey_exploratory,IOS: investment in stranger,REDCap RF1 FullScoring export (REDCAP_RF1_PATH),cognitive_merge.load_rf1_exploratory,exploratory,current,,enrollment-gated,Added mid-study (IDs 10809+). Not recoverable for earlier subjects.,
ios_shared_reward_stranger,master,survey_exploratory,IOS: shared reward with stranger,REDCap RF1 FullScoring export (REDCAP_RF1_PATH),cognitive_merge.load_rf1_exploratory,exploratory,current,,enrollment-gated,Added mid-study (IDs 10809+). Not recoverable for earlier subjects.,
ios_stranger,master,survey_exploratory,Inclusion of Other in Self: stranger,REDCap RF1 FullScoring export (REDCAP_RF1_PATH),cognitive_merge.load_rf1_exploratory,exploratory,current,,,,
kbit_iq,master,cognition,KBIT IQ composite,REDCap RF1 FullScoring export (REDCAP_RF1_PATH),cognitive_merge.load_rf1_fullscoring,validation,current,,,,Independent of global_reduced; convergent validity r=+.47.
loneliness_companionship,master,survey_affect_social,UCLA-3 loneliness: companionship,REDCap RF1 raw export (REDCAP_RF1_RAW_PATH),cognitive_merge.load_rf1_substance_mood,exploratory,current,,age-gated; enrollment-gated,"Present only for ages 57-76 AND enrollment ranks <= 26: part of the older-adult battery, then dropped. Not recoverable.",
loneliness_isolated,master,survey_affect_social,UCLA-3 loneliness: isolated,REDCap RF1 raw export (REDCAP_RF1_RAW_PATH),cognitive_merge.load_rf1_substance_mood,exploratory,current,,age-gated; enrollment-gated,"Present only for ages 57-76 AND enrollment ranks <= 26: part of the older-adult battery, then dropped. Not recoverable.",
loneliness_left_out,master,survey_affect_social,UCLA-3 loneliness: left_out,REDCap RF1 raw export (REDCAP_RF1_RAW_PATH),cognitive_merge.load_rf1_substance_mood,exploratory,current,,age-gated; enrollment-gated,"Present only for ages 57-76 AND enrollment ranks <= 26: part of the older-adult battery, then dropped. Not recoverable.",
loneliness_total,master,survey_affect_social,UCLA-3 loneliness: total,REDCap RF1 raw export (REDCAP_RF1_RAW_PATH),cognitive_merge.load_rf1_substance_mood,exploratory,current,,age-gated; enrollment-gated,"Present only for ages 57-76 AND enrollment ranks <= 26: part of the older-adult battery, then dropped. Not recoverable.",
mach_iv_total,master,survey_exploratory,Mach-IV total,REDCap RF1 FullScoring export (REDCAP_RF1_PATH),cognitive_merge.load_rf1_exploratory,exploratory,current,,age-gated; enrollment-gated,"Answered by 11 subjects, mostly older and early-enrolled -- the same early older-adult battery as PNR and loneliness. Not recoverable.",REDCap returns 20 (the minimum) for an unanswered questionnaire; 20 is treated as missing. 11 real scores (56-95).
memory_composite,master,cognitive_composite,Legacy memory domain (mean of available z-scores),z-scored cognition columns,cognitive_merge.compute_cognitive_composites,legacy,legacy,,,,Input count varies with age; do not use for new work.
memory_n_measures,master,item_count,Inputs behind memory_composite,derived,cognitive_merge.compute_cognitive_composites,qc,legacy,,,,
memory_reduced,master,cognitive_composite,Uniform memory domain (same inputs for every subject),z-scored cognition columns,cognitive_merge.compute_cognitive_composites,covariate_component,current,,,,
memory_reduced_n,master,item_count,Inputs behind memory_reduced,derived,cognitive_merge.compute_cognitive_composites,qc,current,,,,
mspss_family,master,survey_affect_social,MSPSS family,REDCap RF1 FullScoring export (REDCAP_RF1_PATH),cognitive_merge.load_rf1_extended,exploratory,current,,enrollment-gated,"Missing for enrollment ranks 1, 2, 5, 7, 8: added to the RF1 protocol after the first eight subjects. Not recoverable.",
mspss_friends,master,survey_affect_social,MSPSS friends,REDCap RF1 FullScoring export (REDCAP_RF1_PATH),cognitive_merge.load_rf1_extended,exploratory,current,,enrollment-gated,"Missing for enrollment ranks 1, 2, 5, 7, 8: added to the RF1 protocol after the first eight subjects. Not recoverable.",
mspss_significant_other,master,survey_affect_social,MSPSS significant other,REDCap RF1 FullScoring export (REDCAP_RF1_PATH),cognitive_merge.load_rf1_extended,exploratory,current,,enrollment-gated,"Missing for enrollment ranks 1, 2, 5, 7, 8: added to the RF1 protocol after the first eight subjects. Not recoverable.",
mspss_total,master,survey_affect_social,MSPSS total,REDCap RF1 FullScoring export (REDCAP_RF1_PATH),cognitive_merge.load_rf1_extended,exploratory,current,,enrollment-gated,"Missing for enrollment ranks 1, 2, 5, 7, 8: added to the RF1 protocol after the first eight subjects. Not recoverable.",
nbs_total,master,survey_affect_social,NBS total,REDCap RF1 FullScoring export (REDCAP_RF1_PATH),cognitive_merge.load_rf1_extended,exploratory,current,,,,
norc_lifetime,master,survey_affect_social,"NODS/NORC gambling, lifetime",REDCap RF1 FullScoring export (REDCAP_RF1_PATH),cognitive_merge.load_rf1_extended,exploratory,current,,,,
norc_past_year,master,survey_affect_social,"NODS/NORC gambling, past year",REDCap RF1 FullScoring export (REDCAP_RF1_PATH),cognitive_merge.load_rf1_extended,exploratory,current,,,,
panas_post_negative,master,survey_exploratory,"PANAS negative, post-session",REDCap RF1 FullScoring export (REDCAP_RF1_PATH),cognitive_merge.load_rf1_exploratory,exploratory,current,,,,
panas_post_positive,master,survey_exploratory,"PANAS positive, post-session",REDCap RF1 FullScoring export (REDCAP_RF1_PATH),cognitive_merge.load_rf1_exploratory,exploratory,current,,,,
panas_pre_negative,master,survey_exploratory,"PANAS negative, pre-session",REDCap RF1 FullScoring export (REDCAP_RF1_PATH),cognitive_merge.load_rf1_exploratory,exploratory,current,,,,
panas_pre_positive,master,survey_exploratory,"PANAS positive, pre-session",REDCap RF1 FullScoring export (REDCAP_RF1_PATH),cognitive_merge.load_rf1_exploratory,exploratory,current,,,,
planfulness_cs,master,survey_exploratory,Planfulness: cognitive strategies,REDCap RF1 FullScoring export (REDCAP_RF1_PATH),cognitive_merge.load_rf1_exploratory,exploratory,current,,,,
planfulness_mf,master,survey_exploratory,Planfulness: mental focus,REDCap RF1 FullScoring export (REDCAP_RF1_PATH),cognitive_merge.load_rf1_exploratory,exploratory,current,,,,
planfulness_to,master,survey_exploratory,Planfulness: temporal orientation,REDCap RF1 FullScoring export (REDCAP_RF1_PATH),cognitive_merge.load_rf1_exploratory,exploratory,current,,,,
planfulness_total,master,survey_exploratory,Planfulness total,REDCap RF1 FullScoring export (REDCAP_RF1_PATH),cognitive_merge.load_rf1_exploratory,exploratory,current,,,,
pnr_negative,master,survey_exploratory,PNR negative,REDCap RF1 FullScoring export (REDCAP_RF1_PATH),cognitive_merge.load_rf1_exploratory,exploratory,current,,age-gated; enrollment-gated,"Present for 9 subjects, 8 of them 59+, all enrollment ranks <= 21. Not recoverable.",
pnr_positive,master,survey_exploratory,PNR positive,REDCap RF1 FullScoring export (REDCAP_RF1_PATH),cognitive_merge.load_rf1_exploratory,exploratory,current,,age-gated; enrollment-gated,"Present for 9 subjects, 8 of them 59+, all enrollment ranks <= 21. Not recoverable.",
present_bias_10wk,master,survey_exploratory,"Present bias, 10-week delay",REDCap RF1 FullScoring export (REDCAP_RF1_PATH),cognitive_merge.load_rf1_exploratory,exploratory,current,,,,
present_bias_14wk,master,survey_exploratory,"Present bias, 14-week delay",REDCap RF1 FullScoring export (REDCAP_RF1_PATH),cognitive_merge.load_rf1_exploratory,exploratory,current,,,,
present_bias_5wk,master,survey_exploratory,"Present bias, 5-week delay",REDCap RF1 FullScoring export (REDCAP_RF1_PATH),cognitive_merge.load_rf1_exploratory,exploratory,current,,,,
present_bias_9wk,master,survey_exploratory,"Present bias, 9-week delay",REDCap RF1 FullScoring export (REDCAP_RF1_PATH),cognitive_merge.load_rf1_exploratory,exploratory,current,,,,
promis_anxiety,master,survey_health,PROMIS: anxiety,REDCap RF1 raw export (REDCAP_RF1_RAW_PATH),cognitive_merge._score_promis,exploratory,current,,enrollment-gated,Collected for early enrollees only (protocol changed). Not recoverable.,
promis_depression,master,survey_health,PROMIS: depression,REDCap RF1 raw export (REDCAP_RF1_RAW_PATH),cognitive_merge._score_promis,exploratory,current,,enrollment-gated,Collected for early enrollees only (protocol changed). Not recoverable.,
promis_fatigue,master,survey_health,PROMIS: fatigue,REDCap RF1 raw export (REDCAP_RF1_RAW_PATH),cognitive_merge._score_promis,exploratory,current,,enrollment-gated,Collected for early enrollees only (protocol changed). Not recoverable.,
promis_pain,master,survey_health,PROMIS: pain,REDCap RF1 raw export (REDCAP_RF1_RAW_PATH),cognitive_merge._score_promis,exploratory,current,,enrollment-gated,Collected for early enrollees only (protocol changed). Not recoverable.,
promis_physical,master,survey_health,PROMIS: physical,REDCap RF1 raw export (REDCAP_RF1_RAW_PATH),cognitive_merge._score_promis,exploratory,current,,enrollment-gated,Collected for early enrollees only (protocol changed). Not recoverable.,
promis_sleep,master,survey_health,PROMIS: sleep,REDCap RF1 raw export (REDCAP_RF1_RAW_PATH),cognitive_merge._score_promis,exploratory,current,,enrollment-gated,Collected for early enrollees only (protocol changed). Not recoverable.,
promis_social,master,survey_health,PROMIS: social,REDCap RF1 raw export (REDCAP_RF1_RAW_PATH),cognitive_merge._score_promis,exploratory,current,,enrollment-gated,Collected for early enrollees only (protocol changed). Not recoverable.,
race,master,demographics,Race,REDCap tACS Bandit export (REDCAP_TACS_PATH),cognitive_merge.extract_demographics,descriptive,current,,,,
rf1_crt_total,master,survey_exploratory,CRT total (RF1 version),REDCap RF1 FullScoring export (REDCAP_RF1_PATH),cognitive_merge.load_rf1_exploratory,exploratory,current,,enrollment-gated,Collected for early enrollees only (protocol changed). Not recoverable.,
running_dots_score,master,cognition,TabCAT Running Dots trial score,TabCAT export (TABCAT_PATH + legacy),cognitive_merge.load_tabcat,composite_input,current,,task-level,9 missing; absent from the TabCAT export itself (task not completed). Not recoverable from this export.,"Uses the raw TabCAT score. Do NOT substitute TabCAT *_Z columns: they are age-normed from the tablet DOB, which is wrong for 10606 (TabCAT 66 vs true 22) and 10741 (28 vs 37)."
salthouse_letter,master,cognition,Salthouse letter comparison,REDCap RF1 FullScoring export (REDCAP_RF1_PATH),cognitive_merge.load_rf1_fullscoring,composite_input,current,,,,
salthouse_pattern,master,cognition,Salthouse pattern comparison,REDCap RF1 FullScoring export (REDCAP_RF1_PATH),cognitive_merge.load_rf1_fullscoring,composite_input,current,,,,
scaared_gad,master,survey_affect_social,SCAARED generalized anxiety,REDCap RF1 FullScoring export (REDCAP_RF1_PATH),cognitive_merge.load_rf1_extended,exploratory,current,,,,
scaared_separation,master,survey_affect_social,SCAARED separation,REDCap RF1 FullScoring export (REDCAP_RF1_PATH),cognitive_merge.load_rf1_extended,exploratory,current,,,,
scaared_social,master,survey_affect_social,SCAARED social,REDCap RF1 FullScoring export (REDCAP_RF1_PATH),cognitive_merge.load_rf1_extended,exploratory,current,,,,
scaared_somatic,master,survey_affect_social,SCAARED somatic/panic,REDCap RF1 FullScoring export (REDCAP_RF1_PATH),cognitive_merge.load_rf1_extended,exploratory,current,,,,
scaared_total,master,survey_affect_social,SCAARED total,REDCap RF1 FullScoring export (REDCAP_RF1_PATH),cognitive_merge.load_rf1_extended,exploratory,current,,,,
scd_q,master,cognition,Subjective Cognitive Decline Questionnaire,REDCap RF1 FullScoring export (REDCAP_RF1_PATH),cognitive_merge.load_rf1_fullscoring,exploratory,current,,,,
set_shifting_score,master,cognition,TabCAT Set Shifting total score,TabCAT export (TABCAT_PATH + legacy),cognitive_merge.load_tabcat,composite_input,current,,,,"Parsed all along but dropped at the composite merge until 2026-09. Uses the raw TabCAT score. Do NOT substitute TabCAT *_Z columns: they are age-normed from the tablet DOB, which is wrong for 10606 (TabCAT 66 vs true 22) and 10741 (28 vs 37)."
sham_accuracy,master,behaviour_accuracy,Sham session: proportion optimal choices,Bandit task behaviour (data/bandit),accuracy_analysis.compute_condition_level_accuracy -> cognitive_merge.build_subject_df,outcome,current,,,,
sham_alpha,master,behaviour_rl_mle,Sham session: RW learning rate (MLE),Bandit task behaviour (data/bandit),rescorla_wagner.fit_rw_by_condition(method=mle) -> cognitive_merge.build_subject_df,outcome,current,,,,MLE alpha pinned at 0/1 for ~1/3 of subjects; see _hb.
sham_alpha_hb,master,behaviour_rl_hb,"Sham: RW alpha, hierarchical posterior mean",derivatives/rl_models/rw_within_all_subjects.csv,"rl_models/run_fit.py (fit_within, NumPyro NUTS) -> cognitive_merge.build_subject_df",outcome,current,,by-design,Hierarchical fit restricted to the 55 subjects with both conditions.,
sham_alpha_sd_hb,master,behaviour_rl_hb,"Sham: RW alpha, posterior SD",derivatives/rl_models/rw_within_all_subjects.csv,"rl_models/run_fit.py (fit_within, NumPyro NUTS) -> cognitive_merge.build_subject_df",qc,current,,by-design,As above.,
sham_asymptotic_acc,master,behaviour_derived,Sham session: proportion correct in the 5 trials before a reversal (stable-contingency performance),Bandit task behaviour (data/bandit),derived_behaviour.compute_derived_behaviour -> build_master_data -> cognitive_merge.build_subject_df,outcome,current,exploratory,,,Trial column recorded from the first session; unused in the pipeline until 2026-09-22.
sham_beta,master,behaviour_rl_mle,Sham session: RW inverse temperature (MLE),Bandit task behaviour (data/bandit),rescorla_wagner.fit_rw_by_condition(method=mle) -> cognitive_merge.build_subject_df,outcome,current,H1.1.1,,,MLE and hierarchical beta disagree (active r=.013); see _hb.
sham_beta_hb,master,behaviour_rl_hb,"Sham: RW beta, hierarchical posterior mean",derivatives/rl_models/rw_within_all_subjects.csv,"rl_models/run_fit.py (fit_within, NumPyro NUTS) -> cognitive_merge.build_subject_df",outcome,current,,by-design,Hierarchical fit restricted to the 55 subjects with both conditions.,
sham_beta_sd_hb,master,behaviour_rl_hb,"Sham: RW beta, posterior SD",derivatives/rl_models/rw_within_all_subjects.csv,"rl_models/run_fit.py (fit_within, NumPyro NUTS) -> cognitive_merge.build_subject_df",qc,current,,by-design,As above.,
sham_guess_stim_rate,master,behaviour_derived,Sham session: proportion of runs the participant said they believed they were being stimulated,Bandit task behaviour (data/bandit),derived_behaviour.score_blinding -> build_master_data -> cognitive_merge.build_subject_df,qc,current,blinding check,,,Blinding integrity. delta_guess_stim_rate is the discrimination index (active - sham).
sham_lapse_rate,master,behaviour_derived,Sham session: proportion of trials with no response,Bandit task behaviour (data/bandit),derived_behaviour.compute_derived_behaviour -> build_master_data -> cognitive_merge.build_subject_df,outcome,current,exploratory,,,Trial column recorded from the first session; unused in the pipeline until 2026-09-22.
sham_n_rt_trials,master,behaviour_derived,Sham session: number of trials contributing to the RT measures,Bandit task behaviour (data/bandit),derived_behaviour.compute_derived_behaviour -> build_master_data -> cognitive_merge.build_subject_df,qc,current,exploratory,,,Trial column recorded from the first session; unused in the pipeline until 2026-09-22.
sham_p_shift_lose,master,behaviour_wsls,Sham session: P(shift | lose),Bandit task behaviour (data/bandit),wsls.compute_wsls_h1_h2 -> cognitive_merge.build_subject_df,outcome,current,"H1.1, H1.2",,,
sham_p_stay_win,master,behaviour_wsls,Sham session: P(stay | win),Bandit task behaviour (data/bandit),wsls.compute_wsls_h1_h2 -> cognitive_merge.build_subject_df,outcome,current,"H1.1, H1.2",,,
sham_persev_errors,master,behaviour_derived,Sham session: proportion incorrect in the 5 trials after a reversal (perseveration on the previously-good option),Bandit task behaviour (data/bandit),derived_behaviour.compute_derived_behaviour -> build_master_data -> cognitive_merge.build_subject_df,outcome,current,exploratory,,,Trial column recorded from the first session; unused in the pipeline until 2026-09-22.
sham_rt_cv,master,behaviour_derived,Sham session: coefficient of variation of response time,Bandit task behaviour (data/bandit),derived_behaviour.compute_derived_behaviour -> build_master_data -> cognitive_merge.build_subject_df,outcome,current,exploratory,,,Trial column recorded from the first session; unused in the pipeline until 2026-09-22.
sham_rt_mean,master,behaviour_derived,"Sham session: mean response time (ms), trials 200-1990 ms",Bandit task behaviour (data/bandit),derived_behaviour.compute_derived_behaviour -> build_master_data -> cognitive_merge.build_subject_df,outcome,current,H1 baseline; exploratory,,,Trial column recorded from the first session; unused in the pipeline until 2026-09-22.
sham_rt_post_error,master,behaviour_derived,"Sham session: post-error slowing: mean RT after an incorrect choice minus after a correct one, within run",Bandit task behaviour (data/bandit),derived_behaviour.compute_derived_behaviour -> build_master_data -> cognitive_merge.build_subject_df,outcome,current,exploratory,,,Trial column recorded from the first session; unused in the pipeline until 2026-09-22.
sham_rt_post_loss,master,behaviour_derived,"Sham session: post-loss slowing: mean RT after an unrewarded trial minus after a rewarded one, within run",Bandit task behaviour (data/bandit),derived_behaviour.compute_derived_behaviour -> build_master_data -> cognitive_merge.build_subject_df,outcome,current,exploratory,,,Trial column recorded from the first session; unused in the pipeline until 2026-09-22.
sham_rt_sd,master,behaviour_derived,Sham session: SD of response time (ms),Bandit task behaviour (data/bandit),derived_behaviour.compute_derived_behaviour -> build_master_data -> cognitive_merge.build_subject_df,outcome,current,exploratory,,,Trial column recorded from the first session; unused in the pipeline until 2026-09-22.
sham_switch_rate,master,behaviour_derived,Sham session: proportion of consecutive within-run trials on which the choice changed,Bandit task behaviour (data/bandit),derived_behaviour.compute_derived_behaviour -> build_master_data -> cognitive_merge.build_subject_df,outcome,current,exploratory,,,Trial column recorded from the first session; unused in the pipeline until 2026-09-22.
sham_ttc,master,behaviour_accuracy,Sham session: mean trials after a reversal to reach 3 consecutive correct,Bandit task behaviour (data/bandit),reversal_analysis.identify_reversals + compute_trials_to_criterion -> build_master_data -> cognitive_merge.build_subject_df,outcome,current,H1 baseline,,,"Parameters in config (TTC_CRITERION, REVERSAL_WINDOW_*). Moved from notebook-only to the master build 2026-09-22."
sham_ttc_censored,master,behaviour_accuracy,"Sham session: mean trials-to-criterion with unsolved reversals filled with the trials available (a lower bound), removing the survivorship bias in the raw mean",Bandit task behaviour (data/bandit),reversal_analysis.compute_trials_to_criterion -> build_master_data -> cognitive_merge.build_subject_df,outcome,current,H1 baseline; H2.1; H2.2,,,Primary under TTC_CENSORING = censored. The raw column averages only solved reversals.
sham_ttc_reach_rate,master,behaviour_accuracy,Sham session: proportion of reversals on which criterion was reached,Bandit task behaviour (data/bandit),reversal_analysis.compute_trials_to_criterion -> build_master_data -> cognitive_merge.build_subject_df,outcome,current,exploratory,,,The quantity the raw TTC mean was silently conditioning on.
sham_win_rate,master,behaviour_accuracy,Sham session: proportion rewarded trials,Bandit task behaviour (data/bandit),accuracy_analysis.compute_condition_level_accuracy -> cognitive_merge.build_subject_df,outcome,current,,,,
sogs_total,master,survey_affect_social,South Oaks Gambling Screen,REDCap RF1 FullScoring export (REDCAP_RF1_PATH),cognitive_merge.load_rf1_extended,exploratory,unavailable,,,,PENDING: score from item responses. The REDCap total is 0 for all 347 records in the RF1 project (broken calculated field); item answers exist for 64 of ours and are not all zero.
speed_composite,master,cognitive_composite,Legacy speed domain (mean of available z-scores),z-scored cognition columns,cognitive_merge.compute_cognitive_composites,legacy,legacy,,,,Input count varies with age; do not use for new work.
speed_n_measures,master,item_count,Inputs behind speed_composite,derived,cognitive_merge.compute_cognitive_composites,qc,legacy,,,,
speed_reduced,master,cognitive_composite,Uniform speed domain (same inputs for every subject),z-scored cognition columns,cognitive_merge.compute_cognitive_composites,covariate_component,current,,,,
speed_reduced_n,master,item_count,Inputs behind speed_reduced,derived,cognitive_merge.compute_cognitive_composites,qc,current,,,,
spsrq_sp,master,survey_reward,SPSRQ Sensitivity to Punishment (sum of 10 items),REDCap tACS Bandit export (REDCAP_TACS_PATH),cognitive_merge.score_spsrq,predictor,current,H1.2,,,
spsrq_sp_n_items,master,item_count,Items answered for SPSRQ_SP,REDCap tACS Bandit export (REDCAP_TACS_PATH),cognitive_merge.score_spsrq,qc,current,,,,
spsrq_sr,master,survey_reward,SPSRQ Sensitivity to Reward (sum of 10 items),REDCap tACS Bandit export (REDCAP_TACS_PATH),cognitive_merge.score_spsrq,predictor,current,H1.2,,,
spsrq_sr_n_items,master,item_count,Items answered for SPSRQ_SR,REDCap tACS Bandit export (REDCAP_TACS_PATH),cognitive_merge.score_spsrq,qc,current,,,,
subject_id,master,identifier,Participant ID (5-digit),SUBJECT_INFO in config.py,cognitive_merge.build_subject_df,identifier,current,,,,
susd_depression,master,survey_affect_social,SUSD depression,REDCap RF1 FullScoring export (REDCAP_RF1_PATH),cognitive_merge.load_rf1_extended,exploratory,current,,,,
susd_mania,master,survey_affect_social,SUSD mania,REDCap RF1 FullScoring export (REDCAP_RF1_PATH),cognitive_merge.load_rf1_extended,exploratory,current,,,,
tei_emotionality,master,survey_exploratory,TEIQue emotionality,REDCap RF1 FullScoring export (REDCAP_RF1_PATH),cognitive_merge.load_rf1_exploratory,exploratory,current,,enrollment-gated,"Missing for enrollment ranks 3, 4 (early protocol) and 13 (individual).",
tei_selfcontrol,master,survey_exploratory,TEIQue self-control,REDCap RF1 FullScoring export (REDCAP_RF1_PATH),cognitive_merge.load_rf1_exploratory,exploratory,current,,enrollment-gated,"Missing for enrollment ranks 3, 4 (early protocol) and 13 (individual).",
tei_sociability,master,survey_exploratory,TEIQue sociability,REDCap RF1 FullScoring export (REDCAP_RF1_PATH),cognitive_merge.load_rf1_exploratory,exploratory,current,,enrollment-gated,"Missing for enrollment ranks 3, 4 (early protocol) and 13 (individual).",
tei_total,master,survey_exploratory,TEIQue total,REDCap RF1 FullScoring export (REDCAP_RF1_PATH),cognitive_merge.load_rf1_exploratory,exploratory,current,,enrollment-gated,"Missing for enrollment ranks 3, 4 (early protocol) and 13 (individual).",
tei_wellbeing,master,survey_exploratory,TEIQue wellbeing,REDCap RF1 FullScoring export (REDCAP_RF1_PATH),cognitive_merge.load_rf1_exploratory,exploratory,current,,enrollment-gated,"Missing for enrollment ranks 3, 4 (early protocol) and 13 (individual).",
theta_median,master,eeg,"Theta bursting, median of the within-run normalised 4-8 Hz envelope","derivatives/eeg/theta_subject_metrics.csv (EEG, data/nic)",run_theta_metrics.py -> eeg_theta.run_theta_analysis -> build_master_data.load_theta,secondary,current,,individual,"Missing 7: no EEG recorded for 11030, 11066, 11316, 11433, 11542, 11861; 11606 has EEG but both baseline runs exceed the 10% artifact threshold (32%, 57%)."," Not ""reactivity"": nothing is locked to feedback. Power is normalised by the whole run mean, so this is burstiness relative to the subject’s own average. Not localisable either — F4/P4/P3 correlate at median r = .998 raw, so it is a global measure, not frontal. Validity control: theta_p95_excess."
theta_p75,master,eeg,"Theta bursting, 75th percentile of the within-run normalised 4-8 Hz envelope","derivatives/eeg/theta_subject_metrics.csv (EEG, data/nic)",run_theta_metrics.py -> eeg_theta.run_theta_analysis -> build_master_data.load_theta,secondary,current,,individual,"Missing 7: no EEG recorded for 11030, 11066, 11316, 11433, 11542, 11861; 11606 has EEG but both baseline runs exceed the 10% artifact threshold (32%, 57%)."," Not ""reactivity"": nothing is locked to feedback. Power is normalised by the whole run mean, so this is burstiness relative to the subject’s own average. Not localisable either — F4/P4/P3 correlate at median r = .998 raw, so it is a global measure, not frontal. Validity control: theta_p95_excess."
theta_p95,master,eeg,"Theta bursting, 95th percentile of the within-run normalised 4-8 Hz envelope","derivatives/eeg/theta_subject_metrics.csv (EEG, data/nic)",run_theta_metrics.py -> eeg_theta.run_theta_analysis -> build_master_data.load_theta,moderator,current,H2.3 (theta models),individual,"Missing 7: no EEG recorded for 11030, 11066, 11316, 11433, 11542, 11861; 11606 has EEG but both baseline runs exceed the 10% artifact threshold (32%, 57%)."," Not ""reactivity"": nothing is locked to feedback. Power is normalised by the whole run mean, so this is burstiness relative to the subject’s own average. Not localisable either — F4/P4/P3 correlate at median r = .998 raw, so it is a global measure, not frontal. Validity control: theta_p95_excess."
theta_p95_excess,master,eeg,theta_p95 minus its surrogate: theta bursting beyond what the run’s own power spectrum produces,"derivatives/eeg/theta_subject_metrics.csv (EEG, data/nic)",run_theta_metrics.py -> eeg_theta.run_theta_analysis -> build_master_data.load_theta,qc,current,validity control,individual,"Missing 7: no EEG recorded for 11030, 11066, 11316, 11433, 11542, 11861; 11606 has EEG but both baseline runs exceed the 10% artifact threshold (32%, 57%).","Positive in 92% of runs (t(118) = +9.18, p = 2e-15). Near zero would mean theta_p95 is reporting the spectrum, not bursting."
theta_p95_surrogate,master,eeg,"theta_p95 recomputed on a phase-randomised surrogate of the same run (identical power spectrum, bursting destroyed)","derivatives/eeg/theta_subject_metrics.csv (EEG, data/nic)",run_theta_metrics.py -> eeg_theta.run_theta_analysis -> build_master_data.load_theta,qc,current,validity control,individual,"Missing 7: no EEG recorded for 11030, 11066, 11316, 11433, 11542, 11861; 11606 has EEG but both baseline runs exceed the 10% artifact threshold (32%, 57%).",See eeg_theta.phase_randomised. The recordings carry a stationary 9.767 Hz device comb; this check demonstrates per run that theta_p95 reflects bursting rather than the spectrum.
trails_a_time,master,cognition,Trail Making A time (s),REDCap RF1 raw export (REDCAP_RF1_RAW_PATH),cognitive_merge.load_rf1_raw,legacy_composite_input,legacy,,age-gated,"Administered from ~age 56 only (24-28 of 29 aged 56+, 1 of 36 below). Not recoverable.",
trails_b_time,master,cognition,Trail Making B time (s),REDCap RF1 raw export (REDCAP_RF1_RAW_PATH),cognitive_merge.load_rf1_raw,legacy_composite_input,legacy,,age-gated,"Administered from ~age 56 only (24-28 of 29 aged 56+, 1 of 36 below). Not recoverable.",
