subject_id,earclip,run,channel,r_squared,peak_freq,peak_power,peak_bw,in_theta,in_alpha
10886,False,1,F4,0.630163360574634,28.05275126910943,0.03587556312651463,5.999999999994346,False,False
10886,False,1,P4,0.8744030643234851,18.781250000000007,0.05015607043190251,5.999999999999637,False,False
10886,False,1,P4,0.8744030643234851,28.125816120119506,0.039463664603515136,5.999999993431582,False,False
10886,False,1,P3,0.8334771718454739,28.052751269192058,0.03351672770519121,5.9999999999597,False,False
10886,False,4,F4,0.6632534168787146,10.307455509174192,0.031574557960444616,4.895794301516739,False,True
10886,False,4,F4,0.6632534168787146,18.956518145820812,0.03488854778344497,5.999999999999999,False,False
10886,False,4,F4,0.6632534168787146,28.221855761316622,0.028917855054180208,5.999999999999999,False,False
10886,False,4,P4,0.7970617385548895,18.28712626910935,0.04019099258172176,5.999999999999999,False,False
10886,False,4,P4,0.7970617385548895,28.053619481483945,0.02841120871545033,5.999993056962005,False,False
10886,False,4,P4,0.7970617385548895,39.06353589047427,0.033825292587676525,0.5000000000000001,False,False
10886,False,4,P3,0.83588161186814,9.631569211484742,0.04920602136826824,4.2789297990655095,False,True
10886,False,4,P3,0.83588161186814,18.44116040071259,0.03743651336702747,5.999999999999999,False,False
10886,False,4,P3,0.83588161186814,28.08124859326931,0.028624177766462977,5.999999986487905,False,False
10886,False,4,P3,0.83588161186814,39.05642815963205,0.0339589883047835,0.5000000000000001,False,False
10886,False,5,F4,0.7066912508720707,28.05275127991137,0.031738959123282395,5.999999690952772,False,False
10886,False,5,P4,0.7622885211782996,18.7812500000013,0.05052288332927124,5.999999999709344,False,False
10886,False,5,P4,0.7622885211782996,28.05275199878766,0.034962604343975245,5.999998381169762,False,False
10886,False,5,P3,0.7536892667658207,28.052751282543287,0.03162801167132001,5.999999638773843,False,False
10886,False,8,F4,0.5377156328979696,28.052753634126553,0.03537280692317879,5.999999999999999,False,False
10886,False,8,P3,0.822276042868744,9.587298453806875,0.0432579237052636,3.810759972071661,False,True
10998,False,4,F4,0.5929060170243413,20.11996520777543,0.023953067527202943,5.9999999048271295,False,False
10998,False,4,F4,0.5929060170243413,29.103112047345746,0.024944543900590088,5.9999999999999885,False,False
10998,False,4,P4,0.6343521840927918,19.833454313417864,0.02579767306649028,5.999999872396135,False,False
10998,False,4,P4,0.6343521840927918,29.025026021337073,0.0268482255225857,5.999999998337191,False,False
10998,False,4,P3,0.6888811189397774,19.536368933105095,0.05762005649402613,0.5486846889533675,False,False
10998,False,4,P3,0.6888811189397774,28.052755416414207,0.026441476598889735,5.999999999999999,False,False
10998,False,5,F4,0.7925274400543071,19.536115975707347,0.06363338916555916,0.5588375322710062,False,False
10998,False,5,F4,0.7925274400543071,28.703225911002118,0.028788229630622997,5.999999999800657,False,False
10998,False,5,P4,0.8207003067313685,19.530845214376335,0.06918626397512351,0.5442233616933455,False,False
10998,False,5,P4,0.8207003067313685,28.718304073529723,0.03087272660024909,5.999999999996793,False,False
10998,False,5,P3,0.833096285357075,19.537972178173476,0.0674529462917478,0.5194211150390616,False,False
10998,False,5,P3,0.833096285357075,28.80042450969195,0.0279573744450059,5.999999999947848,False,False
10998,False,8,F4,0.677043085172797,28.05275129374059,0.02766678790676902,5.999999999999999,False,False
10998,False,8,P4,0.7326484073001344,28.064792541810625,0.02937329459731941,5.999999999999999,False,False
10998,False,8,P3,0.7873526788382992,28.153682381825156,0.02513793227430372,5.999999999999768,False,False
11773,False,1,F4,0.8579333126484364,19.5120625578719,0.06820405229184201,0.5964802943046577,False,False
11773,False,1,F4,0.8579333126484364,28.052751269524208,0.03340140406240544,5.999999999999999,False,False
11773,False,1,P4,0.6943429311464081,9.78076553034807,0.04488100200302958,0.5000000000000001,False,True
11773,False,1,P4,0.6943429311464081,19.33780426793771,0.03038624034277615,5.999999291558091,False,False
11773,False,1,P4,0.6943429311464081,28.687931540525373,0.030421886385320174,5.999999999999999,False,False
11773,False,1,P3,0.6170661792175236,9.786429619861146,0.05139405799291985,0.5000000000000001,False,True
11773,False,1,P3,0.6170661792175236,18.590113003704474,0.03188615046436449,5.99999999937323,False,False
11773,False,1,P3,0.6170661792175236,28.252471219735533,0.02873743439519516,5.999999999999999,False,False
11773,False,4,F4,0.6985486191387842,9.765901949791408,0.051514425904791716,0.5000000000000001,False,True
11773,False,4,F4,0.6985486191387842,28.078813537672467,0.037347839434896835,5.999999999999999,False,False
11773,False,4,P3,0.961356524831633,29.293036545053365,0.06680875066316128,0.5019352047928803,False,False
11773,False,5,F4,0.7147559786032207,28.052751271913905,0.0315283022507733,5.9999999999999725,False,False
11773,False,5,P4,0.4613926230127366,9.751541313636768,0.04947222665147377,0.5000000000000001,False,True
11773,False,5,P4,0.4613926230127366,28.052751269575282,0.031627075257552595,5.999999999999213,False,False
11773,False,5,P3,0.28761240197063814,9.761486253493723,0.05001053072668604,0.5000000000000001,False,True
11773,False,5,P3,0.28761240197063814,28.05275168003771,0.02810259339993537,5.999999969426279,False,False
11773,False,8,F4,0.7237951517840354,20.77537373089065,0.024152406721970165,5.9999999967833855,False,False
11773,False,8,P3,0.6188174792140532,20.7753737308889,0.024039438356403764,5.999999999991239,False,False
10656,False,1,F4,0.7500257690106522,9.826677062664816,0.045233668581121766,0.5000000000000001,False,True
10656,False,1,F4,0.7500257690106522,19.53750604566165,0.08208053456460274,0.6402841728776144,False,False
10656,False,1,F4,0.7500257690106522,29.30900203011904,0.11160240581573988,0.639251841460143,False,False
10656,False,1,P3,0.9822244349937412,29.307061528242258,0.06770053900228479,0.5597283953787417,False,False
10656,False,4,F4,0.7807078634490693,10.338984782339406,0.04423525067395728,4.109118824512086,False,True
10656,False,4,F4,0.7807078634490693,19.506533426329387,0.09015099755759115,0.5496473449201814,False,False
10656,False,4,F4,0.7807078634490693,29.31091779836408,0.09818581545707827,0.5160913846048246,False,False
10656,False,4,F4,0.7807078634490693,39.084512739425946,0.044494014072772536,0.5000000000000001,False,False
10656,False,4,P4,0.762643441410246,20.775373730828946,0.031948404350415016,5.999999999999984,False,False
10656,False,4,P4,0.762643441410246,29.315279372126035,0.0654840279240303,0.5000000000000001,False,False
10656,False,4,P3,0.66160185799929,20.531988623731372,0.04185808992044526,5.999999999999999,False,False
10656,False,4,P3,0.66160185799929,29.30867549756869,0.08832194573583951,0.5000000000000001,False,False
10656,False,4,P3,0.66160185799929,39.082858030663914,0.05011783076849108,0.5000000000000001,False,False
10656,False,5,F4,0.8789210774754338,29.094478357079,0.03087619890640203,5.999999999714989,False,False
10656,False,8,F4,0.7722229166275799,9.883643267667422,0.04522098955693943,3.347101537039279,False,True
10656,False,8,F4,0.7722229166275799,19.534976954339516,0.09286901151580396,0.5007101577959785,False,False
10656,False,8,F4,0.7722229166275799,29.30288446067436,0.11303778685587784,0.5593136217134241,False,False
10656,False,8,F4,0.7722229166275799,39.06217831272833,0.06254705484477496,0.5000000000000001,False,False
10656,False,8,P4,0.830136416866489,10.515009414580513,0.04840535094046128,2.7562104210922156,False,True
10656,False,8,P4,0.830136416866489,19.53923461031881,0.07795064445738753,0.6732607210578576,False,False
10656,False,8,P4,0.830136416866489,29.29040862468698,0.10691007345389314,0.5669199845812156,False,False
10656,False,8,P4,0.830136416866489,39.06134254603664,0.0579788135116327,0.5000000000000001,False,False
10656,False,8,P3,0.7166705256988992,10.355037066483709,0.032906229662123976,2.2186740938209915,False,True
10656,False,8,P3,0.7166705256988992,19.531939096482816,0.0935298320994643,0.5883636098685108,False,False
10656,False,8,P3,0.7166705256988992,29.291369481754987,0.11465248365316727,0.5767508909955298,False,False
10656,False,8,P3,0.7166705256988992,39.06095254742232,0.06956313208815523,0.5000000000000001,False,False
10951,False,1,F4,0.7993645481823829,29.019713415168557,0.05170559880868131,3.032240177101662,False,False
10951,False,1,P4,0.8236628226534246,5.382139748474917,0.05334173096301198,2.741400330312117,True,False
10951,False,1,P4,0.8236628226534246,29.018116219075978,0.06136460522249276,3.1985928363221157,False,False
10951,False,1,P4,0.8236628226534246,38.310004643657564,0.06233888479663974,2.5414803596936957,False,False
10951,False,1,P3,0.9091281196462628,5.103133100565578,0.05275257741748951,2.5049455906955007,True,False
10951,False,1,P3,0.9091281196462628,28.994935093000297,0.04539558666573085,2.44688953004213,False,False
10951,False,4,F4,0.8200449737135694,3.8362676497232,0.08307156701133245,1.3716155820437537,False,False
10951,False,4,F4,0.8200449737135694,7.854035227473679,0.07147312257212801,2.7858017871718737,True,False
10951,False,4,F4,0.8200449737135694,14.445911550654142,0.10167240071226313,1.7350101276277177,False,False
10951,False,4,F4,0.8200449737135694,20.759833154044458,0.06097864317249024,3.3099672584075623,False,False
10951,False,4,F4,0.8200449737135694,25.342845852805176,0.09536904525626522,1.6213517215056314,False,False
10951,False,4,F4,0.8200449737135694,32.26976558998085,0.09368478366063338,1.798509468620701,False,False
10951,False,4,P4,0.6505923668738524,14.446576936847933,0.11576743084910024,1.9307494216910897,False,False
10951,False,4,P4,0.6505923668738524,25.265167461809803,0.11498000227622984,1.8512370980194464,False,False
10951,False,4,P4,0.6505923668738524,32.28384681679382,0.11538755060531591,1.8308924013847563,False,False
10951,False,4,P3,0.9225869173276325,3.8751241339163665,0.07046458352494034,1.3511168565447613,False,False
10951,False,4,P3,0.9225869173276325,7.565739451394371,0.06364788954726808,1.9831518594365283,True,False
10951,False,4,P3,0.9225869173276325,14.44996958583681,0.08074138910771156,1.656168245392119,False,False
10951,False,4,P3,0.9225869173276325,21.072376790607724,0.04960817545933671,2.343667509468004,False,False
10951,False,4,P3,0.9225869173276325,25.262597083734097,0.06836794687888037,1.5136375345211004,False,False
10951,False,4,P3,0.9225869173276325,32.26618111645022,0.06902835477636327,1.597647742254381,False,False
10951,False,5,F4,0.9323641984218282,28.05275128514218,0.036319646156146246,5.999999999521571,False,False
10951,False,5,P4,0.97324941923538,11.086856770565218,0.045258489352802744,5.437499799097846,False,True
10951,False,5,P4,0.97324941923538,16.83088229257292,0.05063481150526761,4.575239319243549,False,False
10951,False,5,P4,0.97324941923538,20.490401254450962,0.05037311273344924,2.117644617116706,False,False
10951,False,5,P4,0.97324941923538,23.641539148103938,0.041711371772508055,5.99999999999999,False,False
10951,False,5,P3,0.9327647889154794,28.052751269651402,0.0323428444716054,5.999999999154415,False,False
10951,False,8,F4,0.8844344730479956,11.157307580536775,0.03723479993356282,4.793013294627498,False,True
10951,False,8,F4,0.8844344730479956,15.892041765740347,0.05143606933549916,1.453552998363085,False,False
10951,False,8,F4,0.8844344730479956,18.673967456490324,0.04317372302382383,2.889132818008654,False,False
10951,False,8,F4,0.8844344730479956,23.484341211781302,0.0397045386089504,5.999999999999999,False,False
10951,False,8,F4,0.8844344730479956,29.562769420220985,0.06452485632893623,0.8441209576464667,False,False
10951,False,8,F4,0.8844344730479956,35.37710435365583,0.05406701256302038,0.5144633804205831,False,False
10951,False,8,P4,0.8966392136962121,11.29434383906683,0.03901405771553945,4.909582336275917,False,True
10951,False,8,P4,0.8966392136962121,15.878898113915634,0.053034592711142525,1.4843187181204165,False,False
10951,False,8,P4,0.8966392136962121,19.153967352553895,0.04625537361785648,3.667300920199127,False,False
10951,False,8,P4,0.8966392136962121,24.987616683401203,0.036955034266150544,5.783051617590621,False,False
10951,False,8,P4,0.8966392136962121,29.568065978968296,0.0665086851165041,0.6594467740020695,False,False
10951,False,8,P4,0.8966392136962121,35.314150803388785,0.05437536498300688,0.5043043647477978,False,False
10951,False,8,P3,0.9170961219931334,19.12990815367885,0.04120617036486485,5.999999999999998,False,False
10951,False,8,P3,0.9170961219931334,28.477904311737724,0.032298281416905716,5.999996455120209,False,False
10418,False,1,F4,0.5787979873215647,19.946357825805823,0.028332542082754597,5.999999999999999,False,False
10418,False,1,F4,0.5787979873215647,28.62598345497582,0.025549925441135768,5.999999999999999,False,False
10418,False,1,P4,0.840675048020469,11.577139528778922,0.05243521050991551,4.42200985573548,False,True
10418,False,1,P4,0.840675048020469,20.775373730887935,0.040691745407711366,5.999999999982624,False,False
10418,False,1,P4,0.840675048020469,29.311271826173233,0.05852644605053137,0.9789094323528196,False,False
10418,False,1,P3,0.6699151037303063,11.560442466355354,0.03976101394702902,4.4904209415848495,False,True
10418,False,1,P3,0.6699151037303063,20.775373695576857,0.034310483264773595,5.999999999999939,False,False
10418,False,1,P3,0.6699151037303063,29.322148377629183,0.05875348751889853,0.9646263058647987,False,False
10418,False,4,F4,0.7343795852971335,10.126796244302936,0.0422873424499155,1.8606733189158586,False,True
10418,False,4,F4,0.7343795852971335,19.54151284388249,0.06988293809752455,0.5000000000000001,False,False
10418,False,4,F4,0.7343795852971335,28.366208148765285,0.027235639560268088,5.999999998843664,False,False
10418,False,4,P4,0.9176152031221508,10.64323497174088,0.07223096499547843,3.6605013056595372,False,True
10418,False,4,P4,0.9176152031221508,18.78872454170091,0.035979323941050634,5.999999999999999,False,False
10418,False,4,P4,0.9176152031221508,29.2545468732036,0.054313094895759306,0.7824720547508167,False,False
10418,False,4,P3,0.8265329261168375,10.391531011999982,0.04265136088581678,2.4407295816723895,False,True
10418,False,4,P3,0.8265329261168375,19.534882211947238,0.06681266182591017,0.5000000000000001,False,False
10418,False,4,P3,0.8265329261168375,28.654354661210405,0.025048837858310913,5.999999991861409,False,False
10418,False,5,F4,0.8477846530316582,19.53262390138599,0.06072159839534119,0.5000000000000001,False,False
10418,False,5,F4,0.8477846530316582,28.594358133990283,0.020111693488135574,5.999999999971589,False,False
10418,False,5,F4,0.8477846530316582,39.0381491198393,0.036626701087904556,0.5000000000000001,False,False
10418,False,5,P4,0.9431183921176062,10.690881834224085,0.0720478943055658,3.643552326527315,False,True
10418,False,5,P4,0.9431183921176062,18.33803059732254,0.0360187818969645,5.999999999999999,False,False
10418,False,5,P4,0.9431183921176062,29.287459789914966,0.032206069040287,1.5703594468700228,False,False
10418,False,5,P3,0.885613603168661,19.534996080798575,0.05862595901600176,0.5000000000000001,False,False
10418,False,5,P3,0.885613603168661,28.75225434700207,0.018602675431180327,5.9999607579445415,False,False
10418,False,5,P3,0.885613603168661,39.03642375451575,0.03853923416070015,0.5000000000000001,False,False
10418,False,8,F4,0.8669538097382573,9.934981264184659,0.05327579609499866,2.258951290235563,False,True
10418,False,8,F4,0.8669538097382573,19.530943557168207,0.06100023883935979,0.5765355239893223,False,False
10418,False,8,F4,0.8669538097382573,28.550208213299587,0.02523817562912245,5.999963626406522,False,False
10418,False,8,F4,0.8669538097382573,39.04979751655479,0.04079824026688572,0.5000000000000001,False,False
10418,False,8,P4,0.9681122789112885,9.636974149146118,0.09208319766313722,2.7242332368376236,False,True
10418,False,8,P4,0.9681122789112885,13.004526853651234,0.05028098651908097,5.063147211879427,False,False
10418,False,8,P4,0.9681122789112885,19.68843582274707,0.03783305856036412,5.999999984384419,False,False
10418,False,8,P4,0.9681122789112885,29.342845662558673,0.058190478211928465,0.5136947613115441,False,False
10418,False,8,P3,0.9128120622210425,10.06797410256491,0.0489344365468124,2.3623870973573755,False,True
10418,False,8,P3,0.9128120622210425,18.65848163373994,0.02284656596628465,5.999528204475431,False,False
10418,False,8,P3,0.9128120622210425,29.30527257971065,0.03023389344730565,4.452352867344237,False,False
10418,False,8,P3,0.9128120622210425,39.04472270027879,0.042548621183881474,0.5000000000000001,False,False
10636,True,4,F4,0.7860152210707458,28.10032089836338,0.026348549707914448,5.999999999999999,False,False
10636,True,4,P4,0.5830972578433417,28.052751795122674,0.02244971565688214,5.999999990977563,False,False
10636,True,8,P3,0.6805837935675147,30.67035909299899,0.18959577531878335,0.7161344699904229,False,False
10636,True,8,P3,0.6805837935675147,32.42598559004069,0.19936201329348152,0.7106227663099316,False,False
10636,True,8,P3,0.6805837935675147,34.18108261000192,0.2062705411007919,0.7103876881879877,False,False
10636,True,8,P3,0.6805837935675147,35.938536987896015,0.21059013653989112,0.7032849746354909,False,False
10636,True,8,P3,0.6805837935675147,37.70012872797122,0.20970720400140724,0.7028720086128862,False,False
11318,True,1,F4,0.8986935260212401,28.052751273196062,0.024555161899613487,5.9999999980904954,False,False
11318,True,1,F4,0.8986935260212401,39.06186482458913,0.03970788449482354,0.5000000000000001,False,False
11318,True,1,P4,0.8897884475025827,9.792371999396154,0.048168346228654846,0.5000000000000001,False,True
11318,True,1,P4,0.8897884475025827,28.05275202511125,0.02276918166473041,5.9999999986323616,False,False
11318,True,1,P4,0.8897884475025827,39.061097651851966,0.045772528324022455,0.5000000000000001,False,False
11318,True,1,P3,0.8550865366541761,29.307889961408506,0.04412263366200542,0.8803503381524835,False,False
11318,True,1,P3,0.8550865366541761,39.060661552515626,0.045640430055021275,0.5000000000000001,False,False
11318,True,5,F4,0.8818120588094184,19.549610358486877,0.048424430390581974,0.7566845235263224,False,False
11318,True,5,F4,0.8818120588094184,28.05275126910935,0.028012605196340745,5.999999999999999,False,False
11318,True,5,P4,0.7988316643230939,19.535299970114988,0.062147112941286276,0.563573122876626,False,False
11318,True,5,P4,0.7988316643230939,28.19017018208052,0.02279698765003635,5.999999999999238,False,False
11318,True,5,P3,0.763056037817458,19.540252732666932,0.061913943922792924,0.5655095254139322,False,False
11318,True,5,P3,0.763056037817458,28.098965476933962,0.022239330898494947,5.999999999999995,False,False
11318,True,8,F4,0.9425044172036504,19.549398498141805,0.06705091403279495,0.5000000000000001,False,False
11318,True,8,F4,0.9425044172036504,28.206089049299162,0.02640726409888572,5.999999999999936,False,False
11318,True,8,F4,0.9425044172036504,39.05379773618084,0.039171454705372755,0.5000000000000001,False,False
11318,True,8,P4,0.8913916343418425,19.538979643231812,0.07499343347190723,0.5127023016731862,False,False
11318,True,8,P4,0.8913916343418425,29.31316048565072,0.06911842316196815,0.5521756068662973,False,False
11318,True,8,P4,0.8913916343418425,39.05523681370343,0.03934594124015345,0.5000000000000001,False,False
11318,True,8,P3,0.8836613255124657,19.541053083532628,0.07458648194257878,0.5119031600466208,False,False
11318,True,8,P3,0.8836613255124657,29.315760342731807,0.0685227154712007,0.5519978660383443,False,False
11318,True,8,P3,0.8836613255124657,39.055511084000905,0.038618323670408294,0.5000000000000001,False,False
10369,True,4,F4,0.7973481711933827,19.551164874160353,0.0488149813680514,0.6074613720832243,False,False
10369,True,4,F4,0.7973481711933827,29.326257735972376,0.024903924698831514,5.999999999738263,False,False
10369,True,4,F4,0.7973481711933827,39.05128884474026,0.06529486323397105,0.5000000000000001,False,False
10369,True,4,P4,0.8157924747260098,19.55441913651401,0.049378979722492056,0.577227625328811,False,False
10369,True,4,P4,0.8157924747260098,29.283324144260394,0.022376268653463982,5.999999970357653,False,False
10369,True,4,P4,0.8157924747260098,39.050500207100505,0.06300213716794256,0.5000000000000001,False,False
10369,True,4,P3,0.8575362572509619,19.55865811768132,0.047476240015411064,0.5468352672642663,False,False
10369,True,4,P3,0.8575362572509619,29.339781290777204,0.021787118036517228,5.999999217206435,False,False
10369,True,4,P3,0.8575362572509619,39.04989272878054,0.06229741899092234,0.5000000000000001,False,False
10369,True,5,F4,0.8367667169173476,29.164450601893236,0.027144112789381003,5.999999999993456,False,False
10369,True,5,F4,0.8367667169173476,39.06137286260088,0.06251870271304993,0.5000000000000001,False,False
10369,True,5,P4,0.8447632039825181,29.318737002809495,0.05895982966995472,0.7327491695679745,False,False
10369,True,5,P4,0.8447632039825181,39.05810891275371,0.06057143437650803,0.5000000000000001,False,False
10369,True,5,P3,0.885170874450947,29.32223344989978,0.05934993581202852,0.6586047340589741,False,False
10369,True,5,P3,0.885170874450947,39.057104451735704,0.058259224496165496,0.5000000000000001,False,False
10369,True,8,F4,0.9224069114299759,1.8225561058852369,0.0525807040542704,5.206564090593464,False,False
10369,True,8,F4,0.9224069114299759,28.725212920528328,0.03338177576631918,5.9999999855738135,False,False
10369,True,8,F4,0.9224069114299759,39.05659600370593,0.07197836582886319,0.5000000000000001,False,False
10369,True,8,P4,0.8156010346868784,29.285553797782097,0.0690998355848651,0.7459628302516241,False,False
10369,True,8,P4,0.8156010346868784,39.05573814878189,0.0669190193546495,0.5000000000000001,False,False
10369,True,8,P3,0.8732969416111722,29.29067503644902,0.06972305353748443,0.6659207512838557,False,False
10369,True,8,P3,0.8732969416111722,39.056280336466756,0.06434753419363637,0.5000000000000001,False,False
10606,True,1,F4,0.8815985937152628,19.516672011961138,0.05228019523241634,0.5715083698128846,False,False
10606,True,1,F4,0.8815985937152628,28.60583080756768,0.022448058951933247,5.999990687637563,False,False
10606,True,1,P4,0.8661236407707127,19.51813901034246,0.05372954477517866,0.6000494881410008,False,False
10606,True,1,P4,0.8661236407707127,28.521956572323674,0.022198344845267726,5.999999866626244,False,False
10606,True,1,P3,0.8870288449360847,18.65605308182859,0.025373086796574462,5.999999999999999,False,False
10606,True,1,P3,0.8870288449360847,28.77356851298709,0.02524712362019621,5.505892522190799,False,False
10606,True,4,F4,0.8582860981830701,19.54130569835965,0.04991859920014097,0.69653309000775,False,False
10606,True,4,F4,0.8582860981830701,29.312020502934423,0.06683355453310935,0.6662781488038706,False,False
10606,True,4,P4,0.8454763499213837,9.773261505514363,0.046770499631877516,0.5000000000000001,False,True
10606,True,4,P4,0.8454763499213837,19.52973083666355,0.05390227468076847,0.6396767275170139,False,False
10606,True,4,P4,0.8454763499213837,29.313144653563405,0.06857424251364375,0.6408665289613424,False,False
10606,True,4,P3,0.9279052350595642,9.776478917219064,0.05472689423238064,0.537633042864214,False,True
10606,True,4,P3,0.9279052350595642,19.238648111906784,0.02646389518279013,5.999999997748048,False,False
10606,True,4,P3,0.9279052350595642,29.315096210191868,0.07004426524758567,0.6273943306278428,False,False
10606,True,5,F4,0.929127571519238,28.06071862346404,0.01918604327941953,5.999999999999999,False,False
10606,True,5,P4,0.8947329266216613,28.247478959438492,0.019793000328292454,5.999999999999961,False,False
10606,True,5,P3,0.9145412366782704,28.05275126940836,0.021107216696046316,5.99999999982695,False,False
10606,True,8,F4,0.9486456837131342,19.516794682131547,0.05001186716863271,0.5150274992283579,False,False
10606,True,8,F4,0.9486456837131342,29.310500209425005,0.07061078132508958,0.5139614923693873,False,False
10606,True,8,F4,0.9486456837131342,39.04964626437748,0.04216516302545703,0.5000000000000001,False,False
10606,True,8,P4,0.9145238123178704,19.538962316134402,0.05338149776185386,0.5000490008545211,False,False
10606,True,8,P4,0.9145238123178704,29.30490494909738,0.07106584773087765,0.5302308801545579,False,False
10606,True,8,P4,0.9145238123178704,39.05032866495822,0.04112103566148617,0.5000000000000001,False,False
10606,True,8,P3,0.9349970405007046,18.287127119999088,0.022067414639353577,5.999999999999999,False,False
10606,True,8,P3,0.9349970405007046,29.309432995323625,0.06988155832385301,0.5014427313196319,False,False
11628,True,1,F4,0.6261703281894193,29.31871476470317,0.0532273541774706,0.6733550031347112,False,False
11628,True,1,P4,0.5771772481908001,11.009748730890651,0.027479452220033784,5.999999999999999,False,True
11628,True,1,P4,0.5771772481908001,28.052751277517707,0.020522856673380163,5.9999992299152245,False,False
11628,True,1,P3,0.21274966930046602,29.317670305344112,0.05181688693773412,0.635744038632688,False,False
11628,True,4,F4,0.9388326755412962,10.250008927358461,0.05977242866497501,5.999999983121703,False,True
11628,True,4,P4,0.9040114703528456,10.60311251020525,0.08440751870233887,5.99999999987673,False,True
11628,True,4,P3,0.9045341292828061,10.727707132409869,0.08504136303642906,5.999999999994613,False,True
11628,True,5,F4,0.9353424377373566,10.287892568594597,0.05943732190406903,5.999999983953424,False,True
11628,True,5,P4,0.9685001743925362,8.150981500025342,0.07804264691325802,2.3872809456870936,False,True
11628,True,5,P4,0.9685001743925362,9.695477045344228,0.08252606507698279,0.8450857483400899,False,True
11628,True,5,P4,0.9685001743925362,10.975791303041484,0.08591045371505535,1.6032867169093028,False,True
11628,True,5,P4,0.9685001743925362,12.962873730889411,0.0519116776014249,5.999999999999962,False,True
11628,True,5,P4,0.9685001743925362,20.68371049033834,0.03266718390840595,5.99999662186593,False,False
11628,True,5,P3,0.9075627272253829,10.742605327540444,0.08146024986603595,5.999999999994616,False,True
11628,True,8,F4,0.9394631756309212,9.981930791620048,0.05844445319612834,5.369448540851968,False,True
11628,True,8,P4,0.9221609535079855,10.720851285753419,0.08491162652629736,5.999999999938312,False,True
11628,True,8,P3,0.9218570888524299,10.754320439185184,0.07932390088724317,5.999999998613899,False,True
11286,True,1,F4,0.9411167731947969,19.53288434843066,0.04980133825368971,0.5505623961461211,False,False
11286,True,1,F4,0.9411167731947969,28.053737081773797,0.02352857868341085,5.999999999999999,False,False
11286,True,1,P4,0.9222658343125996,19.58339032803358,0.02255373723131815,5.99999988538844,False,False
11286,True,1,P4,0.9222658343125996,29.324069621435473,0.05412580643908538,0.7301920180820483,False,False
11286,True,1,P3,0.9136360188009712,19.151774333778967,0.02381396424615112,5.999999999999983,False,False
11286,True,1,P3,0.9136360188009712,29.31143319128534,0.05966366324632655,0.6510075593121657,False,False
11286,True,4,F4,0.896464002581777,19.53704647085912,0.05559000552082216,0.5000000000000001,False,False
11286,True,4,F4,0.896464002581777,29.14538864264661,0.024571455601158143,5.999999999346217,False,False
11286,True,4,F4,0.896464002581777,39.04524902256351,0.045106928863255846,0.5000000000000001,False,False
11286,True,4,P4,0.44156725011787334,9.778215917055817,0.04971656395030899,0.5000000000000001,False,True
11286,True,4,P4,0.44156725011787334,19.52563739028876,0.06132842995678445,0.7341337900478175,False,False
11286,True,4,P4,0.44156725011787334,28.05276474710774,0.02331643043310838,5.999999999999999,False,False
11286,True,4,P3,0.39278147262833385,19.52924374951655,0.06174229940247289,0.6291102225732009,False,False
11286,True,4,P3,0.39278147262833385,29.310041469267627,0.05352293356532445,0.7335809038534863,False,False
11286,True,5,F4,0.8714948760103077,19.544833035711314,0.05307164581120849,0.5058711416471358,False,False
11286,True,5,F4,0.8714948760103077,28.91640016652385,0.024602132395179943,5.999999646832026,False,False
11286,True,5,P4,0.5306091269044639,9.772069083203927,0.062107778868368935,0.5000000000000001,False,True
11286,True,5,P4,0.5306091269044639,19.78727855964347,0.02265219449568634,5.9999820450546135,False,False
11286,True,5,P4,0.5306091269044639,28.868929642647096,0.022307149881365618,4.904420664839063,False,False
11286,True,5,P3,0.4718026171404267,9.77128888828566,0.05415341232511561,0.5000000000000001,False,True
11286,True,5,P3,0.4718026171404267,19.547915328573275,0.05615284078703253,0.67783892150394,False,False
11286,True,5,P3,0.4718026171404267,28.052951957741627,0.022220471799792696,5.999999999999999,False,False
11286,True,8,F4,0.9200702244078652,29.29263171047541,0.097857171318119,0.5892443263184303,False,False
11286,True,8,F4,0.9200702244078652,39.05995735376332,0.06839037269989812,0.5000000000000001,False,False
11286,True,8,P4,0.5431444117515531,9.779601061774157,0.04773648371438355,0.5000000000000001,False,True
11286,True,8,P4,0.5431444117515531,19.53878115070122,0.06846665706903843,0.5379095389057331,False,False
11286,True,8,P4,0.5431444117515531,29.292763161988727,0.09420729171448161,0.6441750991560536,False,False
11286,True,8,P4,0.5431444117515531,39.06110109800167,0.05702854923660805,0.5000000000000001,False,False
11286,True,8,P3,0.6448559332878834,19.539750930532502,0.06459201970231854,0.5017474426336936,False,False
11286,True,8,P3,0.6448559332878834,29.29256357078852,0.09709166071731778,0.611334267030182,False,False
11286,True,8,P3,0.6448559332878834,39.06085235469175,0.06058998060908183,0.5000000000000001,False,False
10866,True,1,F4,0.7634253907422819,29.306763266457608,0.07096852258423025,0.7297624383061072,False,False
10866,True,1,P4,0.9377991687446973,8.17486100139572,0.05208576958486799,2.4848456073146337,False,True
10866,True,1,P4,0.9377991687446973,29.295615693459254,0.07087052033481311,0.5040622001429097,False,False
10866,True,1,P3,0.745505607254257,19.529345862065053,0.050051538342535284,0.5000021392456597,False,False
10866,True,1,P3,0.745505607254257,29.300483203887055,0.07948939205377248,0.5915724012692037,False,False
10866,True,4,F4,0.8792425310809792,29.793803492983926,0.022995774528161705,5.9999996721767985,False,False
10866,True,4,P4,0.9456950380470586,8.33938907971219,0.05419536961698579,3.085619597426382,False,True
10866,True,4,P4,0.9456950380470586,29.325688309807745,0.04589431163128521,0.5699042106326473,False,False
10866,True,4,P3,0.803762686988677,29.323499482815468,0.05285537964530673,0.5350685507486899,False,False
10866,True,5,F4,0.8462893135246293,29.57391188288801,0.024485772139521966,5.999999999557973,False,False
10866,True,5,P4,0.9091915021102616,29.281256996168572,0.04459898925804884,0.6210273002011578,False,False
10866,True,5,P3,0.8498332166398828,29.32057890461216,0.052972696471852876,0.7635345382801341,False,False
10866,True,8,F4,0.8631434060325432,29.452376519381943,0.02359856578520636,5.999999997987499,False,False
10866,True,8,P4,0.9603724461203379,8.428209845500971,0.04728030361288771,2.778928823625846,False,True
10866,True,8,P4,0.9603724461203379,29.30245716963357,0.04859943147296286,0.5000000656490877,False,False
10866,True,8,P3,0.845255460381525,29.30941011646548,0.05667082324885819,0.5342481377251656,False,False
11329,True,1,P3,0.8433311263007589,28.17450517496725,0.022735548541941597,5.999999999999999,False,False
11329,True,4,F4,0.8322019762622943,20.77537373089065,0.02427802810330726,5.999999726226674,False,False
11329,True,4,P4,0.8725364037159091,19.534864276826568,0.06485520917590681,0.5000000000000001,False,False
11329,True,4,P4,0.8725364037159091,28.052775188902032,0.020422443453418704,5.999999947449738,False,False
11329,True,4,P3,0.8645485831657703,19.52809736051575,0.06461798347984327,0.5115154362013137,False,False
11329,True,5,F4,0.9251021824543828,20.581894882068898,0.02607233262473052,4.506752009285375,False,False
11329,True,5,F4,0.9251021824543828,28.572575885828087,0.024945004811237403,5.999999999999999,False,False
11329,True,5,P4,0.8938628020140029,19.550374957118475,0.07496573936073392,0.5102526207878119,False,False
11329,True,5,P4,0.8938628020140029,29.306331958942582,0.06753424908382266,0.5000001617723083,False,False
11329,True,5,P3,0.9018178218483127,19.539793823531465,0.0713688321304008,0.5439038320069224,False,False
11329,True,5,P3,0.9018178218483127,29.304548678453184,0.06536035107108129,0.5174247185151851,False,False
11329,True,8,F4,0.8851673738484663,19.54325642173619,0.057450277430860286,0.5353337917450134,False,False
11329,True,8,P4,0.8945739072324153,19.545494904498018,0.06627144760677994,0.5000000000702003,False,False
11329,True,8,P4,0.8945739072324153,29.30501041750154,0.049482310515171934,0.5890344148211809,False,False
11329,True,8,P3,0.9158359946742576,19.535872987060536,0.06494365641516542,0.5145140706172129,False,False
11329,True,8,P3,0.9158359946742576,29.28258407184089,0.044092478963124515,0.794384514945542,False,False
10608,True,4,F4,0.9479943095246669,29.3198733773011,0.024277995133894836,5.999999970894707,False,False
10608,True,4,P4,0.9340582487449818,28.225375468619905,0.0203613815709085,5.999999999999971,False,False
10608,True,4,P3,0.9252964162992302,28.237970037106912,0.019930583491915677,5.999999999999948,False,False
10608,True,5,F4,0.9124109866864518,29.757367114710718,0.026932288869656373,5.999999998254356,False,False
10608,True,5,P4,0.9116053680033058,29.313052722729587,0.05963942414056733,0.6046436205073132,False,False
10608,True,5,P3,0.8975838601325458,29.308117864523823,0.05924446710685083,0.5932598693462784,False,False
10608,True,8,F4,0.9141887527437931,29.87522750106065,0.03064879125101916,5.999999999902775,False,False
10608,True,8,P4,0.9273005624497903,28.756858748483012,0.025217563439464352,5.999993199423825,False,False
10608,True,8,P3,0.9111197815936514,28.737874171540327,0.024900879713188884,5.999999994008815,False,False
10589,True,4,F4,0.5572770657658036,5.480579491315582,0.08682227449609314,0.6303020704053465,True,False
10589,True,4,F4,0.5572770657658036,29.334639710908423,0.048830023671405764,1.014216076048858,False,False
10589,True,4,P4,0.941527583664833,5.492640561894336,0.0945220654904314,0.654904565161111,True,False
10589,True,4,P4,0.941527583664833,9.83074268862252,0.05317464751870482,0.5000000000000001,False,True
10589,True,4,P4,0.941527583664833,19.593552226321187,0.058632586715117396,0.6951840869002304,False,False
10589,True,4,P4,0.941527583664833,29.36579838738667,0.06844239161371857,0.8999655673700728,False,False
10589,True,4,P3,0.9273640331557852,5.491526696024397,0.09142855082177759,0.6384827602877211,True,False
10589,True,4,P3,0.9273640331557852,9.827072198166725,0.05650975039370032,0.5000000000000001,False,True
10589,True,4,P3,0.9273640331557852,19.59969899984422,0.060621280897085184,0.7216823592519138,False,False
10589,True,4,P3,0.9273640331557852,29.36004260239383,0.07165517565769153,0.951303968595681,False,False
10589,True,5,F4,0.8334687126250674,4.1269700682946935,0.03341347800116068,5.075339050471442,True,False
10589,True,5,F4,0.8334687126250674,19.436716528764105,0.029777844005666743,2.499711581087177,False,False
10589,True,5,F4,0.8334687126250674,29.320232891931973,0.018315833932887937,5.999999999999999,False,False
10589,True,5,P4,0.9477137138096027,5.454777578797429,0.060940397047992034,0.6303288165903638,True,False
10589,True,5,P4,0.9477137138096027,19.56252782986927,0.06490528790966377,0.5995569717495266,False,False
10589,True,5,P4,0.9477137138096027,29.33521498327251,0.055545572738721516,0.8780505362454479,False,False
10589,True,5,P3,0.9354733084846976,5.4589291497649075,0.05887071660119336,0.5869148869194598,True,False
10589,True,5,P3,0.9354733084846976,19.55642377189205,0.06878863415357384,0.6029642751756453,False,False
10589,True,5,P3,0.9354733084846976,29.33966289028336,0.05718162588015696,0.9234002323543258,False,False
10589,True,8,F4,0.8063928797469572,5.3633471094931595,0.08949079974077456,0.5239639836482085,True,False
10589,True,8,F4,0.8063928797469572,9.795398612200739,0.051269068404623086,0.5000000000000001,False,True
10589,True,8,F4,0.8063928797469572,19.536750955488984,0.07009769604997251,0.5203951609173573,False,False
10589,True,8,F4,0.8063928797469572,29.309124606177217,0.05777905131870764,0.6108300661138695,False,False
10589,True,8,P4,0.932017457675895,5.37300700369259,0.09996982309450131,0.5140994226575535,True,False
10589,True,8,P4,0.932017457675895,9.79399765976342,0.057696329019062076,0.5239708089274074,False,True
10589,True,8,P4,0.932017457675895,19.542865728712997,0.07670170722988312,0.5000000000000001,False,False
10589,True,8,P4,0.932017457675895,29.31086536456379,0.07365375858567169,0.5393434690316761,False,False
10589,True,8,P3,0.930862583991699,5.376037619876223,0.09628197606093714,0.510035178773859,True,False
10589,True,8,P3,0.930862583991699,9.794605641042395,0.059789233789910745,0.5000000370102189,False,True
10589,True,8,P3,0.930862583991699,19.54219611977503,0.0814695718687557,0.5003225496746143,False,False
10589,True,8,P3,0.930862583991699,29.309697711805846,0.07468922553473611,0.541136420895162,False,False
11563,True,1,P4,0.7167923650419846,28.05275127020561,0.020762065723482603,5.999999999980211,False,False
11563,True,4,F4,0.9171368995356508,28.05275133464271,0.025426139586382512,5.999999774732738,False,False
11563,True,4,P4,0.758337894698267,29.304349279143395,0.05948488433110122,0.6078555886304161,False,False
11563,True,4,P3,0.7439357457028686,29.300554217140753,0.058494683509635825,0.584701352641191,False,False
10649,True,1,F4,0.840786252916702,19.556497151690976,0.06271321515839456,0.5000000000000001,False,False
10649,True,1,F4,0.840786252916702,29.148510892644598,0.028782808632431323,5.999999998789595,False,False
10649,True,1,P4,0.7063490673794969,19.547619457761062,0.06762465842836174,0.5004047118342348,False,False
10649,True,1,P4,0.7063490673794969,29.313401907162124,0.06800918444192794,0.6397428191103087,False,False
10649,True,1,P3,0.5354223643709084,19.54936718017921,0.0714944290731665,0.514472291595902,False,False
10649,True,1,P3,0.5354223643709084,29.3136830493013,0.06661045386682118,0.6832487571002184,False,False
10649,True,4,F4,0.8269965027215094,19.537846914173453,0.05948504020704248,0.5000000000000001,False,False
10649,True,4,F4,0.8269965027215094,29.30435517182931,0.07375314197337846,0.6808375131548519,False,False
10649,True,4,P4,0.737673359143504,19.537159534670728,0.06382683340004691,0.5000000000000799,False,False
10649,True,4,P4,0.737673359143504,29.306889899689146,0.0823701595464792,0.5262038345523833,False,False
10649,True,4,P3,0.5939705537809359,9.776098317063882,0.04257141741153325,0.5000000000000001,False,True
10649,True,4,P3,0.5939705537809359,19.53537498805495,0.0698240057728512,0.5000003777239836,False,False
10649,True,4,P3,0.5939705537809359,29.30511349887411,0.0819917614618414,0.555839015863383,False,False
10649,True,5,F4,0.9206848400763423,28.344001587382877,0.03395210989868269,5.999999998450494,False,False
10649,True,5,F4,0.9206848400763423,39.05672490003678,0.04618489536504977,0.5000000000000001,False,False
10649,True,5,P4,0.8818542767287183,19.53484595439467,0.04708624484828772,0.5000000012898448,False,False
10649,True,5,P4,0.8818542767287183,29.298486128687628,0.06572876258516869,0.8362151050540841,False,False
10649,True,5,P4,0.8818542767287183,39.05678455021941,0.04617783206141601,0.5000000000000001,False,False
10649,True,5,P3,0.8530392870347691,19.539010246372605,0.048450126495002244,0.5000000000000001,False,False
10649,True,5,P3,0.8530392870347691,28.556298895857438,0.02856257740254242,5.732581361937433,False,False
10649,True,5,P3,0.8530392870347691,39.054346400442846,0.0460466989739412,0.5000000000000001,False,False
10649,True,8,F4,0.9169589543892214,28.367130427273427,0.030284838259326263,5.999999999942938,False,False
10649,True,8,F4,0.9169589543892214,39.065670899605976,0.07000957924112339,0.5000000000000001,False,False
10649,True,8,P4,0.934384180536264,19.537962800350606,0.054557303022014114,0.5000000001046989,False,False
10649,True,8,P4,0.934384180536264,29.312696652035335,0.07122312268121356,0.541476268029515,False,False
10649,True,8,P4,0.934384180536264,39.064163923833,0.07342619474903533,0.5000000000000001,False,False
10649,True,8,P3,0.8977436908600264,19.538797374011075,0.0567537531756257,0.5000000000000001,False,False
10649,True,8,P3,0.8977436908600264,29.309339161595872,0.07175180867207032,0.5723817120387888,False,False
10649,True,8,P3,0.8977436908600264,39.06305299565108,0.07472067050425835,0.5000000000000001,False,False
10809,True,1,F4,0.6234833028088548,29.456021052216006,0.04230783390942816,1.134775821151845,False,False
10809,True,1,P4,0.53923698457354,29.449849986899547,0.04242546041830497,1.139133046173682,False,False
10809,True,1,P3,0.5294992340794199,29.449818411300544,0.041979892277254405,1.1384732944243146,False,False
10809,True,4,F4,0.7966879989970972,19.5401980808201,0.051983256457782234,0.8468058843803296,False,False
10809,True,4,F4,0.7966879989970972,29.311238975691015,0.06271251451189608,0.7321497497471595,False,False
10809,True,4,P4,0.6953146486058394,20.41451455724389,0.02728559370268835,5.999999999999999,False,False
10809,True,4,P4,0.6953146486058394,29.3087466895853,0.06457423712510835,0.7275066822321109,False,False
10809,True,4,P3,0.6976505226573577,20.20631205802649,0.02917981257867963,5.999999999999999,False,False
10809,True,4,P3,0.6976505226573577,29.306207086438874,0.06374981787869805,0.745414403970095,False,False
10809,True,5,F4,0.8457364605165579,20.77537350086045,0.022610655132892843,5.9999992225889125,False,False
10809,True,5,F4,0.8457364605165579,39.06632856845938,0.04204130830419961,0.5000000000000001,False,False
10809,True,5,P4,0.7645465856232389,20.775367182090044,0.0304592177304005,5.999999999999999,False,False
10809,True,5,P4,0.7645465856232389,39.068302836249906,0.05000147891698792,0.5000000000000001,False,False
10809,True,5,P3,0.7694651827476059,20.51921493020992,0.03081680762388639,5.999999999999999,False,False
10809,True,5,P3,0.7694651827476059,39.06595262760514,0.04574127485419521,0.5000000000000001,False,False
10809,True,8,F4,0.7174226330332888,28.052764996671776,0.02043774049197289,5.999999999999999,False,False
10809,True,8,P4,0.753344597710497,18.71949652029262,0.028177073325528212,5.999999999999999,False,False
10809,True,8,P4,0.753344597710497,28.354904381775594,0.023361346362792745,5.999999999999999,False,False
10809,True,8,P4,0.753344597710497,39.04987532831707,0.04290068546641712,0.5000000000000001,False,False
10809,True,8,P3,0.7535642405494642,18.33324416942762,0.029789631016410634,5.999999999999999,False,False
10809,True,8,P3,0.7535642405494642,28.05275126910935,0.02411209655840152,5.999999999999999,False,False
10809,True,8,P3,0.7535642405494642,39.049615615097906,0.04128192940469888,0.5000000000000001,False,False
10541,True,1,F4,0.9459351730170769,29.323495284494633,0.06778404507015867,0.5403098151779749,False,False
10541,True,1,P4,0.5369629252196509,9.80965011363276,0.04372955982275972,0.5943019981296349,False,True
10541,True,1,P4,0.5369629252196509,20.332113832914875,0.026177792408423883,5.999999999999999,False,False
10541,True,1,P4,0.5369629252196509,29.323651286766868,0.05628643671838007,0.8680021771012203,False,False
10541,True,1,P3,0.5639987585270704,20.16776982622026,0.024073489832106887,5.9999999999786615,False,False
10541,True,1,P3,0.5639987585270704,29.32211001946941,0.06174255600489231,0.6986619633365043,False,False
10541,True,4,F4,0.9428780866395672,29.316206932341856,0.06360987177935784,0.5884290633847379,False,False
10541,True,4,P4,0.4169694146826053,20.775369691340224,0.023069044961170793,5.999999999999999,False,False
10541,True,4,P4,0.4169694146826053,29.316268027297003,0.05693322688811675,0.892361990604201,False,False
10541,True,4,P3,0.522743517173536,20.584621629819516,0.022326538402792084,5.999999999999999,False,False
10541,True,4,P3,0.522743517173536,29.315732099890283,0.05890532577180729,0.7884322780214016,False,False
10541,True,5,F4,0.956115078218507,29.303418279902374,0.059584681623289115,0.5398833498051234,False,False
10541,True,5,P4,0.4981561255765155,18.2872901829299,0.023810258058193257,5.999999999999999,False,False
10541,True,5,P4,0.4981561255765155,28.095496336235776,0.025872456366923702,5.999999999999999,False,False
10541,True,5,P3,0.6312145676376693,20.491740366958613,0.02545902938110778,5.999999999999999,False,False
10541,True,5,P3,0.6312145676376693,29.301287023657785,0.0554464177218702,0.6837268749039095,False,False
10541,True,8,P4,0.5544800438686224,18.8165744250717,0.024799272150394236,5.999999999999999,False,False
10541,True,8,P4,0.5544800438686224,28.38220745193077,0.02532339633468983,5.999999999995037,False,False
10541,True,8,P3,0.622470035472891,28.052751269868715,0.024731094932494146,5.999999999997539,False,False
10641,True,1,F4,0.6395427427432182,28.052913404194097,0.023777779025512924,5.99999999999964,False,False
10641,True,1,F4,0.6395427427432182,39.08730076994461,0.04757602000822192,0.5000000000000001,False,False
10641,True,1,P4,0.7439894994733822,29.24567804081937,0.05957389111568345,0.8436160723499537,False,False
10641,True,1,P4,0.7439894994733822,39.08271797418425,0.05118557036828342,0.5000000000000001,False,False
10641,True,1,P3,0.8558927956961985,29.281606581983034,0.07832249678196435,0.6155041202472035,False,False
10641,True,1,P3,0.8558927956961985,39.07556233728745,0.055404950284833054,0.5000000000000001,False,False
10641,True,4,F4,0.7576846644220874,19.55238998873055,0.06046340074063339,0.5484290075581147,False,False
10641,True,4,F4,0.7576846644220874,29.30811320191305,0.08202701958154501,0.6487828215877943,False,False
10641,True,4,P4,0.7751227487165111,19.555609081183874,0.05921453885446304,0.5432374071481892,False,False
10641,True,4,P4,0.7751227487165111,29.30618280487901,0.08327871353992655,0.6087941077306785,False,False
10641,True,4,P3,0.9224997266334298,9.764010600725989,0.05069977431535366,1.8143051735561924,False,True
10641,True,4,P3,0.9224997266334298,19.53055671845202,0.051234889244005655,0.9575628178659977,False,False
10641,True,4,P3,0.9224997266334298,29.30401189552769,0.08515872296636662,0.5767288006102205,False,False
10641,True,5,F4,0.8234554854602256,19.5303806093879,0.06903503291673796,0.5001287193031364,False,False
10641,True,5,F4,0.8234554854602256,29.310769089898095,0.09057535811641948,0.624011255377437,False,False
10641,True,5,F4,0.8234554854602256,39.057191213253724,0.04312096362572804,0.5000000000000001,False,False
10641,True,5,P4,0.8448051888837055,19.531471799042528,0.06828897968554659,0.5000000000067011,False,False
10641,True,5,P4,0.8448051888837055,29.311702964672076,0.09157165515459698,0.5951747273891392,False,False
10641,True,5,P4,0.8448051888837055,39.057515900069504,0.04202616252178626,0.5000000000000001,False,False
10641,True,5,P3,0.93728518407425,9.72735414443944,0.04810184561818298,1.559199120473165,False,True
10641,True,5,P3,0.93728518407425,19.528120729648283,0.0723412940285667,0.5304549784809266,False,False
10641,True,5,P3,0.93728518407425,29.315079333528853,0.09323785618580571,0.5937357302767049,False,False
10641,True,8,F4,0.852199837519705,19.5285059653268,0.04660952225918913,0.5000000000664206,False,False
10641,True,8,F4,0.852199837519705,29.306307951595244,0.0678174098582921,0.5870560331495258,False,False
10641,True,8,P4,0.9115692621871216,9.798416445893665,0.04709429334611359,1.4253014214227782,False,True
10641,True,8,P4,0.9115692621871216,19.534150778856343,0.046368912121284245,0.5000000000000319,False,False
10641,True,8,P4,0.9115692621871216,29.306787172963592,0.06829316285615561,0.5428517251961907,False,False
10641,True,8,P3,0.9485390465008169,9.85005503546498,0.05449362911857181,2.0301708863922054,False,True
10641,True,8,P3,0.9485390465008169,19.526577331487875,0.05214352589667637,0.5472460824907317,False,False
10641,True,8,P3,0.9485390465008169,29.306756939488697,0.06873317603153928,0.5140072500667894,False,False
10862,True,1,F4,0.9189563908666375,19.533660927143163,0.09585484484602946,0.538938281958677,False,False
10862,True,1,F4,0.9189563908666375,29.2886482655177,0.07384984458269461,0.5424226839105184,False,False
10862,True,1,F4,0.9189563908666375,39.06105471815242,0.06238789749477058,0.5000000000000001,False,False
10862,True,1,P4,0.8511686579970502,19.53028754345608,0.09444731204630696,0.5871272638429396,False,False
10862,True,1,P4,0.8511686579970502,29.287601815576704,0.07218654563717586,0.548027353066035,False,False
10862,True,1,P4,0.8511686579970502,39.06099973559444,0.05892329584447098,0.5000000000000001,False,False
10862,True,1,P3,0.838578210241656,19.5260134758386,0.09030667219013266,0.6563136855569559,False,False
10862,True,1,P3,0.838578210241656,29.284987225508804,0.07297099320136502,0.5416499144657004,False,False
10862,True,1,P3,0.838578210241656,39.059054381501255,0.059188859825460516,0.5000000000000001,False,False
10862,True,4,F4,0.9034323914561923,19.533424766695774,0.06246854363768073,0.5588682959613887,False,False
10862,True,4,F4,0.9034323914561923,29.298526899830513,0.08286774984987777,0.5285020806068932,False,False
10862,True,4,F4,0.9034323914561923,39.056013044385544,0.040897329812028205,0.5000000000000001,False,False
10862,True,4,P4,0.8379795127364831,19.561076897350897,0.05314845372717392,0.8500067695148146,False,False
10862,True,4,P4,0.8379795127364831,29.306130796318055,0.0816694831338991,0.5299399761321842,False,False
10862,True,4,P4,0.8379795127364831,39.05432762788058,0.03842649660091502,0.5000000000000001,False,False
10862,True,4,P3,0.8214301579081476,19.425373910436747,0.030794370549400818,5.999999999999899,False,False
10862,True,4,P3,0.8214301579081476,29.300018050017552,0.08157291556554636,0.54743377714195,False,False
10862,True,4,P3,0.8214301579081476,39.05231755543931,0.03823355462828293,0.5000000000000001,False,False
10862,True,5,F4,0.8862238536512006,20.775373662861245,0.023954197727550364,5.999999999999999,False,False
10862,True,5,F4,0.8862238536512006,29.309991386647972,0.0796522556744047,0.6800069348901706,False,False
10862,True,5,P4,0.8127400740748525,19.47074447422272,0.030723167553996622,5.999999962175858,False,False
10862,True,5,P4,0.8127400740748525,29.303742845664623,0.07838781906037762,0.7134504671820151,False,False
10862,True,5,P3,0.8035400601903704,19.351258944167565,0.03148297053781279,5.999999999999983,False,False
10862,True,5,P3,0.8035400601903704,29.291957239242226,0.07376586612076952,0.7722904567306119,False,False
10862,True,8,F4,0.8729127510507391,20.77537353115032,0.02636359210725514,5.9999999999945,False,False
10862,True,8,F4,0.8729127510507391,29.296449110438825,0.08109168661684918,0.5694450581839469,False,False
10862,True,8,P4,0.8169614602921429,20.146270101887914,0.03083409388708469,5.999999999999999,False,False
10862,True,8,P4,0.8169614602921429,29.29703867883307,0.08381708748551131,0.5553109290860253,False,False
10862,True,8,P3,0.8229599398289852,20.095067327335304,0.03352623405967148,5.999999999999999,False,False
10862,True,8,P3,0.8229599398289852,29.299807300509187,0.08225165533330603,0.566407074988965,False,False
10661,True,1,F4,0.8057431827491293,9.834233268931692,0.05663099717777231,0.6112997003441947,False,True
10661,True,1,F4,0.8057431827491293,19.559850704761747,0.07669478038412714,0.6830410515421774,False,False
10661,True,1,F4,0.8057431827491293,28.052751271113035,0.023346471501354826,5.999999998951445,False,False
10661,True,1,P4,0.5955195250760051,9.958817086055763,0.049089644910684904,1.2007151300300223,False,True
10661,True,1,P4,0.5955195250760051,19.55970847202286,0.0740859740410188,0.8254061910857997,False,False
10661,True,1,P4,0.5955195250760051,28.05275126910935,0.024168044868377092,5.999999999999999,False,False
10661,True,1,P3,0.6775101704772124,10.049891055502563,0.044101156492136084,1.7494001530406682,False,True
10661,True,1,P3,0.6775101704772124,19.30875626838164,0.03211334996600257,5.999999999999999,False,False
10661,True,1,P3,0.6775101704772124,28.625126322629097,0.025268406134094756,4.7073577896766485,False,False
10661,True,4,F4,0.7607102969728387,19.570844610379996,0.05577020907622532,1.004134500430382,False,False
10661,True,4,F4,0.7607102969728387,29.308825151886438,0.07108007874813171,0.7675655676587226,False,False
10661,True,4,P4,0.5110380333331705,19.564414500272488,0.05650740745287275,1.0415531309542185,False,False
10661,True,4,P4,0.5110380333331705,29.30869959697097,0.06538864046503134,0.8848033652054983,False,False
10661,True,4,P3,0.7107854789210506,10.064751081882275,0.04236603748860779,1.3176073412295122,False,True
10661,True,4,P3,0.7107854789210506,20.428086983760522,0.027077831557820065,5.999999984739036,False,False
10661,True,4,P3,0.7107854789210506,29.305804049011712,0.06355057075699233,0.8190700868321603,False,False
10661,True,5,F4,0.9035454346743392,19.54570100829583,0.055879909133606964,0.5132200043852918,False,False
10661,True,5,F4,0.9035454346743392,29.303439486914463,0.05084076518076963,0.5000000401995737,False,False
10661,True,5,P4,0.7633208661891201,10.275151888069082,0.05465455684510345,1.583832222180072,False,True
10661,True,5,P4,0.7633208661891201,19.54635424019149,0.0589580033037016,0.5019828001455349,False,False
10661,True,5,P4,0.7633208661891201,29.30299869068952,0.05177700305357824,0.5000000057979628,False,False
10661,True,5,P3,0.6617565620029584,10.22042718583978,0.05685236129582305,1.3961576356453618,False,True
10661,True,5,P3,0.6617565620029584,19.536540448827303,0.060700696159702194,0.5519693641840477,False,False
10661,True,5,P3,0.6617565620029584,29.304539625797815,0.05158100557544343,0.5000240323983991,False,False
10661,True,8,F4,0.9019451937680898,20.77537373089065,0.02553612023562235,5.999999998017283,False,False
10661,True,8,F4,0.9019451937680898,39.04982262898537,0.05617947320327932,0.5000000000000001,False,False
10661,True,8,P4,0.8739483237097547,10.42238526704032,0.05263087341710082,2.004938259304084,False,True
10661,True,8,P4,0.8739483237097547,19.53694657092498,0.06152918704968591,0.5000000002139392,False,False
10661,True,8,P4,0.8739483237097547,39.05288030350232,0.05927388978179826,0.5000000000000001,False,False
10661,True,8,P3,0.7981918827663118,10.39255366170146,0.05945799736574864,1.7777421350358973,False,True
10661,True,8,P3,0.7981918827663118,19.541527418053562,0.06387419984571441,0.5000000002755963,False,False
10661,True,8,P3,0.7981918827663118,39.05294466268817,0.05740306735714584,0.5000000000000001,False,False
10638,True,1,F4,0.8143138367751143,9.842386079424239,0.06241689615342694,0.5224783604014727,False,True
10638,True,1,F4,0.8143138367751143,19.627197280560733,0.05109739951972636,0.7088989185214785,False,False
10638,True,1,F4,0.8143138367751143,29.380170766184396,0.04282145485493949,1.1200789894952874,False,False
10638,True,1,P4,0.7897079350604244,9.842693387907516,0.06229808744492027,0.5393084617711814,False,True
10638,True,1,P4,0.7897079350604244,19.62384594850262,0.05135742776739183,0.7215267341289869,False,False
10638,True,1,P4,0.7897079350604244,29.377000370990945,0.04243244899577836,1.083168876866677,False,False
10638,True,1,P3,0.8628096817120735,9.87016680243334,0.06117680180992824,0.6260639502948632,False,True
10638,True,1,P3,0.8628096817120735,19.67280646258501,0.04845477505903151,0.9626535866614796,False,False
10638,True,4,F4,0.8193270330332957,9.873831870692856,0.0521966292356113,0.5772314734418698,False,True
10638,True,4,F4,0.8193270330332957,19.690918296878046,0.0501734238016639,0.9554149660798567,False,False
10638,True,4,F4,0.8193270330332957,29.49434638784639,0.04775849901669471,1.6254569342510372,False,False
10638,True,4,P4,0.7627952436960287,9.870964513408541,0.05153249597287879,0.579592731248753,False,True
10638,True,4,P4,0.7627952436960287,19.689501125614395,0.0504944025306876,0.9502385088240815,False,False
10638,True,4,P4,0.7627952436960287,29.48506891038684,0.047141031514267406,1.6239922628435637,False,False
10638,True,4,P3,0.9043025279683364,9.912711882678195,0.05440104030151738,0.6960519835195133,False,True
10638,True,4,P3,0.9043025279683364,19.746134077240406,0.04807889126545173,1.2484931175178287,False,False
10638,True,4,P3,0.9043025279683364,29.487347885637462,0.04918763178257024,1.4131721992480781,False,False
10638,True,5,F4,0.8451078131277739,9.863911239361071,0.05092170023227194,0.5893621988918631,False,True
10638,True,5,F4,0.8451078131277739,19.652352124390617,0.05275080724760217,0.8436124043534771,False,False
10638,True,5,F4,0.8451078131277739,29.425722998431937,0.06203220182353131,1.433099117937285,False,False
10638,True,5,P4,0.7807646523602069,9.863915072099685,0.050787093401365224,0.5961498342348013,False,True
10638,True,5,P4,0.7807646523602069,19.646211966094683,0.052883990803453074,0.8348722806592637,False,False
10638,True,5,P4,0.7807646523602069,29.427008979663523,0.06099159087710315,1.443212798860306,False,False
10638,True,5,P3,0.933922026476085,9.8821384102873,0.05064536051791735,0.6963958043254576,False,True
10638,True,5,P3,0.933922026476085,19.679510059792637,0.051309248562118825,0.9998000435531749,False,False
10638,True,5,P3,0.933922026476085,29.432149480488892,0.06239270696514965,1.3155851767008746,False,False
10638,True,8,F4,0.8289248803804253,9.841456592052007,0.05423088172701018,0.5224701767547707,False,True
10638,True,8,F4,0.8289248803804253,19.62214338691573,0.06286666841784738,0.7356601456580776,False,False
10638,True,8,F4,0.8289248803804253,29.40138485483683,0.07022624313484116,1.211437812445906,False,False
10638,True,8,P4,0.772193782268168,9.839869180851943,0.05476649216245366,0.5487199824784887,False,True
10638,True,8,P4,0.772193782268168,19.62136585562458,0.06311403227724932,0.7492955164916721,False,False
10638,True,8,P4,0.772193782268168,29.39850827273029,0.06986471854440635,1.2154513520281665,False,False
10638,True,8,P3,0.9077545610333201,9.861201145428895,0.05381670564833241,0.6660283427770923,False,True
10638,True,8,P3,0.9077545610333201,19.636476798618837,0.06110832271364508,0.8694926024291262,False,False
10638,True,8,P3,0.9077545610333201,29.406425162825908,0.07096075634293364,1.112412802863315,False,False
