subject_id,run,counterbalance,earclip,condition,stim_detected,protocol_ok,duration_s,pct_rejected,n_clean_samples,early_db,middle_db,late_db,median_db,iqr_db,elevation,iqr_ratio,baseline_median,baseline_iqr,F4_itf,F4_iaf,F4_has_theta,F4_has_alpha,F4_r2,F4_n_peaks,P4_itf,P4_iaf,P4_has_theta,P4_has_alpha,P4_r2,P4_n_peaks,P3_itf,P3_iaf,P3_has_theta,P3_has_alpha,P3_r2,P3_n_peaks
10886,1,B,False,baseline,NONE,True,360.0,0.1826362715635299,180357,89.99777214215602,88.8709318723679,88.3721799391829,89.10199887374043,3.7206795587152044,-0.23076303637114393,0.8706812057515985,89.33276191011157,4.273297200096792,,,False,False,0.630163360574634,1.0,,,False,False,0.8744030643234851,2.0,,,False,False,0.8334771718454739,1.0
10886,2,B,False,sham,SHAM,True,360.0,15.011158551105053,153472,151.0716365984583,90.184437330722,88.66058652095623,89.56352494648272,4.768557790862673,0.23076303637114393,1.115896594029234,89.33276191011157,4.273297200096792,,,,,,,,,,,,,,,,,,
10886,3,B,False,sham,SHAM,True,360.0,14.489984659943623,154408,150.24649856109426,90.01664713602791,88.56898704527721,89.57484183477831,4.778286388711379,0.24207992466674,1.1181731962389954,89.33276191011157,4.273297200096792,,,,,,,,,,,,,,,,,,
10886,4,B,False,post,NONE,True,360.0,0.02879562306529193,180531,89.85210314584816,88.8508188215067,88.70402256138719,89.00966921274599,3.7780366093309112,-0.3230926973655812,0.8841034059707659,89.33276191011157,4.273297200096792,,10.307455509174192,False,True,0.6632534168787146,3.0,,,False,False,0.7970617385548895,3.0,,9.631569211484742,False,True,0.83588161186814,4.0
10886,5,B,False,baseline,NONE,True,360.5,0.5390850482688503,179887,90.23073969123193,88.29045336503269,88.18507489335302,88.64648884237002,3.664448117844799,-0.6862730677415527,0.857522410976189,89.33276191011157,4.273297200096792,,,False,False,0.7066912508720707,1.0,,,False,False,0.7622885211782996,2.0,,,False,False,0.7536892667658207,1.0
10886,6,B,False,active,ACTIVE,True,360.5,84.48410306325039,28056,147.7373696618027,151.6912239974896,148.17399316438937,151.67599841733013,0.09727411132726616,62.34323650721856,0.02276324504765614,89.33276191011157,4.273297200096792,,,,,,,,,,,,,,,,,,
10886,7,B,False,active,ACTIVE,True,360.0,84.16254780736469,28614,147.6030849873193,151.4310233327011,147.9480165180627,151.39764174097598,0.1549645872133283,62.06487983086441,0.0362634705608162,89.33276191011157,4.273297200096792,,,,,,,,,,,,,,,,,,
10886,8,B,False,post,NONE,True,360.5,0.014377986197133819,180806,90.32269486663385,88.79734069847798,87.98099903459355,88.83757530065782,3.4406825950269564,-0.4951866094537536,0.8051587413459151,89.33276191011157,4.273297200096792,,,False,False,0.5377156328979696,1.0,,,False,False,0.8642913070842861,0.0,,9.587298453806875,False,True,0.822276042868744,1.0
10998,2,B,False,sham,SHAM,True,359.0,15.627392882112057,152058,150.39343764174157,89.81282323302683,88.06680517088436,89.30611781033376,5.028643163766304,0.12301562058100046,1.142129889465407,89.18310218975276,4.402864516679486,,,,,,,,,,,,,,,,,,
10998,3,B,False,sham,SHAM,True,359.0,15.195199529278547,152775,150.3845306749261,89.73444365291327,88.6123739214432,89.14952628086445,4.402864516679486,-0.033575908888309414,1.0,89.18310218975276,4.402864516679486,,,,,,,,,,,,,,,,,,
10998,4,B,False,post,NONE,True,360.0,0.5141117874930878,179771,89.589725458019,88.76580469059869,88.33788982593624,88.80595820008038,3.4295702713331195,-0.3771439896723763,0.7789406779020316,89.18310218975276,4.402864516679486,,,False,False,0.5929060170243413,2.0,,,False,False,0.6343521840927918,2.0,,,False,False,0.6888811189397774,2.0
10998,5,B,False,baseline,NONE,True,360.5,0.21244695741655661,180367,89.26586320716476,88.84589239711059,89.5199415430168,89.18310218975276,4.043643314510376,0.0,0.9184119336835683,89.18310218975276,4.402864516679486,,,False,False,0.7925274400543071,2.0,,,False,False,0.8207003067313685,2.0,,,False,False,0.833096285357075,2.0
10998,6,B,False,active,SHAM,False,359.0,14.480549757982153,154065,150.69698285962215,89.9555724934914,88.76314545152343,89.49631562763302,4.007439341963007,0.3132134378802647,0.9101891113799937,89.18310218975276,4.402864516679486,,,,,,,,,,,,,,,,,,
10998,7,B,False,active,ACTIVE,True,360.0,91.96488372994128,14516,150.72431905748238,155.1141930925862,152.2188830213422,155.06375367083524,0.5913064104347541,65.88065148108248,0.1343003874397435,89.18310218975276,4.402864516679486,,,,,,,,,,,,,,,,,,
10998,8,B,False,post,NONE,True,360.0,0.4306265117592023,179889,89.99125474706968,88.03489978438762,87.8718524220207,88.42722479134824,3.5574420085223153,-0.7558773984045217,0.8079835286880996,89.18310218975276,4.402864516679486,,,False,False,0.677043085172797,1.0,,,False,False,0.7326484073001344,1.0,,,False,False,0.7873526788382992,1.0
11773,1,B,False,baseline,NONE,True,360.0,0.0,180619,89.55685548541614,88.92091517309066,88.60861553543148,89.09153515295671,3.9402565613647482,-1.3361454695752286,0.8534176739823345,90.42768062253194,4.617031825668882,,,False,False,0.8579333126484364,2.0,,9.78076553034807,False,True,0.6943429311464081,3.0,,9.786429619861146,False,True,0.6170661792175236,3.0
11773,2,B,False,sham,SHAM,True,359.0,11.71940026856959,159094,148.7858816252412,90.64882723896133,89.76923679585792,90.32355875833017,5.065495983108292,-0.1041218642017725,1.0971325679294923,90.42768062253194,4.617031825668882,,,,,,,,,,,,,,,,,,
11773,3,B,False,sham,SHAM,True,359.0,10.928519118528213,160546,147.49129221501892,90.96926509154744,89.13761303649223,90.5318024867337,4.378543648543285,0.10412186420175829,0.948345996707301,90.42768062253194,4.617031825668882,,,,,,,,,,,,,,,,,,
11773,4,B,False,post,NONE,True,360.0,0.07912224109598576,180590,91.54303914537995,89.63216517663055,88.93938630508491,89.72011533342692,3.8501854378066724,-0.7075652891050197,0.8339092263564559,90.42768062253194,4.617031825668882,,9.765901949791408,False,True,0.6985486191387842,2.0,,,False,False,0.9809121235774233,0.0,,,False,False,0.961356524831633,1.0
11773,5,B,False,baseline,NONE,True,360.5,0.007739381844518167,180879,90.75561112921076,88.71336728537763,88.41099318856928,88.93458742085127,3.815222817792943,-1.493093201680665,0.8263366946231135,90.42768062253194,4.617031825668882,,,False,False,0.7147559786032207,1.0,,9.751541313636768,False,True,0.4613926230127366,2.0,,9.761486253493723,False,True,0.28761240197063814,2.0
11773,6,B,False,active,SHAM,False,359.0,10.368639293029657,161470,144.60787188821106,91.40741839765919,90.60992055402008,91.43812502743805,4.586379710969993,1.01044440490611,0.9933610778837445,90.42768062253194,4.617031825668882,,,,,,,,,,,,,,,,,,
11773,7,B,False,active,SHAM,False,360.0,11.377776300408303,159964,144.11844892077136,90.18141428672484,88.925084753877,89.75003994612452,4.64768394036777,-0.677640676407421,1.0066389221162555,90.42768062253194,4.617031825668882,,,,,,,,,,,,,,,,,,
11773,8,B,False,post,NONE,True,360.0,0.20363217831096403,180350,89.81416697896327,88.43940765206611,88.5499085918447,88.54128634095615,3.729943664578144,-1.8863942815757895,0.8078661368200072,90.42768062253194,4.617031825668882,,,False,False,0.7237951517840354,1.0,,,False,False,0.9657930662462286,0.0,,,False,False,0.6188174792140532,1.0
10656,1,A,False,baseline,NONE,True,360.0,0.008300683976358858,180693,90.1716444178485,90.69031783450116,89.18791900192407,90.35464907698503,3.8589624047234707,-0.6928911529352888,0.8291347670215421,91.04754022992032,4.654204066952616,,9.826677062664816,False,True,0.7500257690106522,3.0,,,False,False,0.9869736522219851,0.0,,,False,False,0.9822244349937412,1.0
10656,2,A,False,active,ACTIVE,True,360.0,51.54337384067114,87565,149.50086169915187,152.63170715543816,149.0777289245236,152.58930785068506,0.37993510419426,61.541767620764745,0.08163266988914522,91.04754022992032,4.654204066952616,,,,,,,,,,,,,,,,,,
10656,3,A,False,active,ACTIVE,True,360.0,48.3779159583834,93230,148.41588554205103,151.7563024453778,148.12381515273702,151.71467761408041,0.3009669639038748,60.6671373841601,0.06466561405008091,91.04754022992032,4.654204066952616,,,,,,,,,,,,,,,,,,
10656,4,A,False,post,NONE,True,360.5,0.007744904958950638,180750,92.01349924129651,89.50650906215495,88.26560179195334,89.59995172356045,3.6223251139737584,-1.447588506359864,0.7782909949510465,91.04754022992032,4.654204066952616,,10.338984782339406,False,True,0.7807078634490693,4.0,,,False,False,0.762643441410246,2.0,,,False,False,0.66160185799929,3.0
10656,5,A,False,baseline,NONE,True,360.0,0.18870534849616538,180364,90.41877072813877,88.81793158289891,88.80414007891866,89.15815615263959,3.8860279388604226,-1.8893840772807238,0.8349500543934757,91.04754022992032,4.654204066952616,,,False,False,0.8789210774754338,1.0,,,False,False,0.9955500213635802,0.0,,,False,False,0.9869590525569859,0.0
10656,6,A,False,sham,SHAM,True,360.0,7.075881854483623,167781,145.62431069418963,90.99891134099789,90.54395845946901,90.89490460857027,5.435461987194131,-0.1526356213500435,1.1678606930428495,91.04754022992032,4.654204066952616,,,,,,,,,,,,,,,,,,
10656,7,A,False,sham,SHAM,True,359.0,6.982576850516031,167636,145.44580459670377,91.36266921721489,91.24965396260812,91.20017585127037,4.979724727934254,0.1526356213500577,1.0699412093451193,91.04754022992032,4.654204066952616,,,,,,,,,,,,,,,,,,
10656,8,A,False,post,NONE,True,360.0,0.006088111578483879,180669,93.67673957430534,91.2373956072753,90.34705163463677,91.39848920277295,4.328683405970978,0.3509489728526347,0.9300587906548807,91.04754022992032,4.654204066952616,,9.883643267667422,False,True,0.7722229166275799,4.0,,10.515009414580513,False,True,0.830136416866489,4.0,,10.355037066483709,False,True,0.7166705256988992,4.0
10951,1,A,False,baseline,SHAM,True,360.0,9.027104579471867,164227,109.88039884752989,94.45477227473559,91.72466540475163,92.555457159229,6.116737829127189,0.04939496929792142,0.90020865777522,92.50606218993107,6.79480004585173,,,False,False,0.7993645481823829,1.0,5.382139748474917,,True,False,0.8236628226534246,3.0,5.103133100565578,,True,False,0.9091281196462628,2.0
10951,2,A,False,active,ACTIVE,True,360.0,80.42965505785948,35346,136.92034341807678,141.23891416943886,133.8817950873932,140.98619340947752,2.4610738747159076,48.48013121954645,0.36219960235892584,92.50606218993107,6.79480004585173,,,,,,,,,,,,,,,,,,
10951,3,A,False,active,ACTIVE,True,360.0,83.07561089080396,30558,133.91553874370499,141.7398656284341,132.12835432292627,140.78235931988698,0.2732821344695253,48.27629712995591,0.04021930485450648,92.50606218993107,6.79480004585173,,,,,,,,,,,,,,,,,,
10951,4,A,False,post,NONE,True,360.0,0.9217993079584819,178960,93.64826315895745,91.85928275563373,90.4541925515122,91.66219149907505,4.3438954289962055,-0.8438706908560221,0.6392970212049407,92.50606218993107,6.79480004585173,7.854035227473679,,True,False,0.8200449737135694,6.0,,,False,False,0.6505923668738524,3.0,7.565739451394371,,True,False,0.9225869173276325,6.0
10951,5,A,False,baseline,NONE,True,360.0,0.5129170913280467,179610,92.10384835349004,91.01634238866447,90.27285205980337,91.08110924743775,3.9298444305648985,-1.42495294249332,0.5783605704429955,92.50606218993107,6.79480004585173,,,False,False,0.9323641984218282,1.0,,11.086856770565218,False,True,0.97324941923538,4.0,,,False,False,0.9327647889154794,1.0
10951,6,A,False,sham,SHAM,True,359.5,20.979978166059865,142594,129.89436890761408,98.87369575011903,90.86810599953772,92.45666722063316,33.06402907149713,-0.04939496929790721,4.866078302286899,92.50606218993107,6.79480004585173,,,,,,,,,,,,,,,,,,
10951,7,A,False,sham,SHAM,True,360.0,19.29047299954034,145738,138.89237360309093,96.15945632682536,90.03011574910636,92.64595340492703,7.472862262576271,0.1398912149959557,1.09979134222478,92.50606218993107,6.79480004585173,,,,,,,,,,,,,,,,,,
10951,8,A,False,post,SHAM,True,360.0,12.649151463137787,157760,145.89311457029015,89.336689989106,88.84651888279696,90.09354979766755,4.189165562181131,-2.4125123922635225,0.6165252154459857,92.50606218993107,6.79480004585173,,11.157307580536775,False,True,0.8844344730479956,6.0,,11.29434383906683,False,True,0.8966392136962121,6.0,,,False,False,0.9170961219931334,2.0
10418,1,B,False,baseline,NONE,True,360.0,0.0016613227451722778,180576,89.24943801811558,88.33916883113383,88.7011658068841,88.67084756767873,3.8961277754007853,-0.9812432388140166,0.8918489801441366,89.65209080649275,4.3685958745740905,,,False,False,0.5787979873215647,2.0,,11.577139528778922,False,True,0.840675048020469,3.0,,11.560442466355354,False,True,0.6699151037303063,3.0
10418,2,B,False,sham,SHAM,True,360.0,16.335506600120752,151037,147.43585910474107,90.32446297594043,89.18864505315192,90.05982426868707,4.8172208255376034,0.40773346219431517,1.1026931682041317,89.65209080649275,4.3685958745740905,,,,,,,,,,,,,,,,,,
10418,3,B,False,sham,SHAM,True,359.5,16.39554224883566,150789,147.01754519148872,90.08519710539167,89.10374366765569,89.8675724634196,5.148025166962384,0.21548165692685473,1.1784164328233457,89.65209080649275,4.3685958745740905,,,,,,,,,,,,,,,,,,
10418,4,B,False,post,NONE,True,360.0,0.009415726478689823,180532,89.72460735841261,89.4269542595985,88.74978846820012,89.4366091495659,3.9199709236105775,-0.21548165692685473,0.8973068317958683,89.65209080649275,4.3685958745740905,,10.126796244302936,False,True,0.7343795852971335,3.0,,10.64323497174088,False,True,0.9176152031221508,3.0,,10.391531011999982,False,True,0.8265329261168375,3.0
10418,5,B,False,baseline,NONE,True,360.0,0.1356221180299877,180404,90.01985783722563,89.48763430917586,89.1338163527202,89.54395123813595,3.645539804299716,-0.10813956835680472,0.8344877642533443,89.65209080649275,4.3685958745740905,,,False,False,0.8477846530316582,3.0,,10.690881834224085,False,True,0.9431183921176062,3.0,,,False,False,0.885613603168661,3.0
10418,6,B,False,active,ACTIVE,True,360.0,96.64482684138527,6058,146.16282752090723,148.4070311405494,144.40110264545476,148.30599196070764,0.46354699295363844,58.65390115421489,0.10610892063776241,89.65209080649275,4.3685958745740905,,,,,,,,,,,,,,,,,,
10418,7,B,False,active,ACTIVE,True,360.5,96.4614644238056,6397,144.54643146619176,148.0368525812237,144.0473244389574,147.99628292207828,0.17742905448477586,58.34419211558553,0.04061466420307739,89.65209080649275,4.3685958745740905,,,,,,,,,,,,,,,,,,
10418,8,B,False,post,NONE,True,360.0,0.007751465857563922,180597,90.90314837296422,88.88269357932998,89.19269903280706,89.32157072293498,3.814325565437315,-0.3305200835577722,0.8731239224111539,89.65209080649275,4.3685958745740905,,9.934981264184659,False,True,0.8669538097382573,4.0,,9.636974149146118,False,True,0.9681122789112885,4.0,,10.06797410256491,False,True,0.9128120622210425,4.0
10636,1,B,True,baseline,NONE,True,360.0,0.2175947201443984,180218,65.96056079652101,64.38036409581355,62.16242500811315,64.33847807941527,4.394433032926656,0.06483625716785468,0.8853885207760445,64.27364182224741,4.963282140901182,,,False,False,0.6358567350288108,0.0,,,False,False,0.31538814751110306,0.0,,,False,False,0.9592611161206679,0.0
10636,2,B,True,sham,SHAM,True,359.5,6.896628216503997,167884,100.92233430524836,63.952055891861875,64.16742898197936,64.39064788183609,5.891546815087665,0.11700605958867527,1.187026376465058,64.27364182224741,4.963282140901182,,,,,,,,,,,,,,,,,,
10636,3,B,True,sham,SHAM,True,360.0,3.5264887836297443,174345,94.0817612184787,63.82512998224854,63.58120708135114,64.15663576265875,5.397135610045041,-0.11700605958866106,1.0874126146423513,64.27364182224741,4.963282140901182,,,,,,,,,,,,,,,,,,
10636,4,B,True,post,NONE,True,360.0,0.18207275162288594,180368,64.10379534141778,64.09626197472414,63.868539515049626,64.09811884767058,4.426625480264754,-0.17552297457683608,0.8918746415373059,64.27364182224741,4.963282140901182,,,False,False,0.7860152210707458,1.0,,,False,False,0.5830972578433417,1.0,,,False,False,0.8228670045440629,0.0
10636,5,B,True,baseline,NONE,True,360.0,0.23351040283311475,180298,65.18343242350387,64.68849444565977,64.66522457647876,64.80311031066638,4.529428671757323,0.5294684884189707,0.9125873853576488,64.27364182224741,4.963282140901182,,,False,False,0.8080205487722795,0.0,,,False,False,0.7895883297900941,0.0,,,False,False,,0.0
10636,6,B,True,active,ACTIVE,True,360.5,15.22914478412295,153342,92.34643290360799,98.37830252286945,94.99351667946496,98.0226258771815,0.5231083168734187,33.748984054934084,0.10539564385482186,64.27364182224741,4.963282140901182,,,,,,,,,,,,,,,,,,
10636,7,B,True,active,ACTIVE,True,361.0,19.276224316391165,146307,93.05952832734862,99.21448328151871,95.56188761011062,98.75083445522199,1.2828836004073025,34.47719263297458,0.25847484869646553,64.27364182224741,4.963282140901182,,,,,,,,,,,,,,,,,,
10636,8,B,True,post,NONE,True,360.0,0.23127783771820232,180317,70.05074348071683,67.29088249681178,67.03957639173382,67.81536338828138,3.9170915533559736,3.5417215660339707,0.789213960068115,64.27364182224741,4.963282140901182,,,False,False,0.9442210410342022,0.0,,,False,False,0.9224765824306801,0.0,,,False,False,0.6805837935675147,5.0
11318,1,B,True,baseline,NONE,True,360.0,0.8165683093991127,179159,73.37484255298337,70.20201254998098,68.53532431387099,70.31950800032804,4.192662151087319,1.2907141791519905,0.7345693837553976,69.02879382117605,5.7076461989919025,,,False,False,0.8986935260212401,2.0,,9.792371999396154,False,True,0.8897884475025827,3.0,,,False,False,0.8550865366541761,2.0
11318,2,B,True,sham,SHAM,True,359.5,18.115436182118362,147800,139.8385790240943,70.33889200943527,66.47672407482315,69.23857170514452,5.947217865265401,0.20977788396847075,1.04197381160658,69.02879382117605,5.7076461989919025,,,,,,,,,,,,,,,,,,
11318,3,B,True,sham,SHAM,True,360.0,18.983542649566964,146306,142.6148414716526,70.47001394180378,65.07240403832816,69.0603037007387,7.879047392574947,0.03150987956264828,1.3804372446853068,69.02879382117605,5.7076461989919025,,,,,,,,,,,,,,,,,,
11318,4,B,True,post,NONE,True,360.0,1.3763169404352626,178141,67.28965999120337,67.87256353659369,66.1512722892407,67.03181805767782,5.348784141351331,-1.9969757634982273,0.9371260857577411,69.02879382117605,5.7076461989919025,,,False,False,0.8440872325655797,0.0,,,False,False,0.7568641653348975,0.0,,,False,False,0.7449770462952394,0.0
11318,5,B,True,baseline,NONE,True,360.0,0.5495630613927771,179696,68.78262505810909,66.6689573923997,65.02054561550864,66.65475388646495,5.360955435985318,-2.3740399347111065,0.9392585400496937,69.02879382117605,5.7076461989919025,,,False,False,0.8818120588094184,2.0,,,False,False,0.7988316643230939,2.0,,,False,False,0.763056037817458,2.0
11318,6,B,True,active,ACTIVE,True,360.0,99.88705006893268,204,143.84041420681143,149.11309112124536,144.44110363482176,149.0876380999668,0.08663681090763475,80.05884427879074,0.015179078710754136,69.02879382117605,5.7076461989919025,,,,,,,,,,,,,,,,,,
11318,7,B,True,active,ACTIVE,True,360.0,99.83622611861433,296,142.88828502275896,148.58018922946755,143.92297536110578,148.53103559243704,0.23709387007056648,79.50224177126098,0.04153969286190909,69.02879382117605,5.7076461989919025,,,,,,,,,,,,,,,,,,
11318,8,B,True,post,NONE,True,360.0,0.8029483866326514,179258,68.10779718842615,69.29217841260186,67.05065493205632,68.9972839416134,5.468074532718404,-0.03150987956264828,0.95802618839342,69.02879382117605,5.7076461989919025,,,False,False,0.9425044172036504,3.0,,,False,False,0.8913916343418425,3.0,,,False,False,0.8836613255124657,3.0
10369,1,B,True,baseline,NONE,True,360.0,0.7997254921494057,179242,74.23608326054654,70.69678414356079,67.62556804769521,69.69655668381581,7.9103109228007185,1.1276294199000887,1.2649388914054391,68.56892726391573,6.2535123052559385,,,False,False,0.869844726534167,0.0,,,False,False,0.8831531006933396,0.0,,,False,False,0.8936177255666877,0.0
10369,2,B,True,sham,SHAM,True,360.0,16.727675481102033,150369,122.13093556566555,68.87573521512512,67.38703384588935,68.81516595028457,6.4992290302613185,0.24623868636884083,1.0392925947869105,68.56892726391573,6.2535123052559385,,,,,,,,,,,,,,,,,,
10369,3,B,True,sham,SHAM,True,360.5,17.25297393554952,149624,126.50153778587662,68.72059766847532,66.64015560424853,68.32268857754688,6.0077955802505585,-0.24623868636884083,0.9607074052130895,68.56892726391573,6.2535123052559385,,,,,,,,,,,,,,,,,,
10369,4,B,True,post,NONE,True,360.5,0.23672042653923864,180376,68.53287466748132,68.22061901685834,66.28557239105851,67.86698083380335,5.399738160281856,-0.7019464301123719,0.86347286080232,68.56892726391573,6.2535123052559385,,,False,False,0.7973481711933827,3.0,,,False,False,0.8157924747260098,3.0,,,False,False,0.8575362572509619,3.0
10369,5,B,True,baseline,NONE,True,360.0,0.20256134952347793,180320,69.68908155394826,66.66014305868903,66.65614698183252,66.98607966694665,5.4119624040384195,-1.5828475969690743,0.8654276412776521,68.56892726391573,6.2535123052559385,,,False,False,0.8367667169173476,2.0,,,False,False,0.8447632039825181,2.0,,,False,False,0.885170874450947,2.0
10369,6,B,True,active,ACTIVE,True,360.0,99.60146130853536,720,139.31864838172248,145.99451737408197,142.1239581162625,145.85561646162506,0.8978722017734526,77.28668919770934,0.14357886543515888,68.56892726391573,6.2535123052559385,,,,,,,,,,,,,,,,,,
10369,7,B,True,active,ACTIVE,True,360.0,99.6628168359042,609,141.31626923833278,147.8043307295125,143.53245431045914,147.7298281394756,0.5739914867919254,79.16090087555986,0.09178705642099692,68.56892726391573,6.2535123052559385,,,,,,,,,,,,,,,,,,
10369,8,B,True,post,NONE,True,360.5,0.2538660649100688,180345,67.37208131285,66.67167737283224,65.5748841692563,66.44622017351146,5.027431069201953,-2.122707090404262,0.8039371834251463,68.56892726391573,6.2535123052559385,,,False,False,0.9224069114299759,3.0,,,False,False,0.8156010346868784,2.0,,,False,False,0.8732969416111722,2.0
10606,1,A,True,baseline,NONE,True,360.5,1.1220490937933536,178889,74.37355374461501,71.07378744704354,72.3928737510382,71.23661831939879,4.664703931012085,2.214186616822147,0.8546975547606726,69.02243170257664,5.457724671177125,,,False,False,0.8815985937152628,2.0,,,False,False,0.8661236407707127,2.0,,,False,False,0.8870288449360847,2.0
10606,2,A,True,active,ACTIVE,True,360.5,99.11685496402718,1597,125.71535826534236,133.05334290375924,125.7399901531357,132.28067648215307,2.5609320957404123,63.25824477957643,0.4692307234304051,69.02243170257664,5.457724671177125,,,,,,,,,,,,,,,,,,
10606,3,A,True,active,ACTIVE,True,360.5,98.2190462494884,3220,123.31367418406042,130.41406690724827,122.84515626970978,129.5255323392857,3.9106368549613535,60.50310063670905,0.7165324545618578,69.02243170257664,5.457724671177125,,,,,,,,,,,,,,,,,,
10606,4,A,True,post,NONE,True,360.5,0.8236712837987326,179287,70.74028290235817,69.30959653132828,68.75641288677959,69.15071581664091,4.114997877811987,0.12828411406427165,0.7539768173986069,69.02243170257664,5.457724671177125,,,False,False,0.8582860981830701,2.0,,9.773261505514363,False,True,0.8454763499213837,3.0,,9.776478917219064,False,True,0.9279052350595642,3.0
10606,5,A,True,baseline,NONE,True,360.0,3.3812173046583127,174537,73.9216671282621,69.21625185110493,67.96135782961831,68.62415012633963,4.440796569083375,-0.3982815762370109,0.8136717838728169,69.02243170257664,5.457724671177125,,,False,False,0.929127571519238,1.0,,,False,False,0.8947329266216613,1.0,,,False,False,0.9145412366782704,1.0
10606,6,A,True,sham,SHAM,True,359.0,15.574894134231688,152118,114.99400562826965,69.44919891809865,67.53643866904996,68.91837024799524,6.250745411342166,-0.10406145458139804,1.1453024452393274,69.02243170257664,5.457724671177125,,,,,,,,,,,,,,,,,,
10606,7,A,True,sham,SHAM,True,360.0,16.26270740422703,151150,116.98860555880768,69.770544935477,67.11017083371308,69.12649315715804,6.861553296351403,0.10406145458139804,1.2572186597444277,69.02243170257664,5.457724671177125,,,,,,,,,,,,,,,,,,
10606,8,A,True,post,NONE,True,361.5,2.881907900174674,176247,72.48274059032943,68.84641603927784,67.09680412751648,68.37582066590383,4.428008987201338,-0.6466110366728088,0.8113287595078156,69.02243170257664,5.457724671177125,,,False,False,0.9486456837131342,3.0,,,False,False,0.9145238123178704,3.0,,,False,False,0.9349970405007046,2.0
11628,1,A,True,baseline,NONE,True,360.0,0.4666843818507904,179793,73.7152076112446,73.97809962961992,73.43030212765197,73.83771719571425,3.9574937382131736,1.7221337821604124,0.7966193995268761,72.11558341355384,4.967860110566711,,,False,False,0.6261703281894193,1.0,,11.009748730890651,False,True,0.5771772481908001,2.0,,,False,False,0.21274966930046602,1.0
11628,2,A,True,active,ACTIVE,True,361.0,99.72654955253563,495,144.83339325478312,149.8779457613734,145.6170266306767,149.66457890574378,0.9608147652170373,77.54899549218995,0.19340616358608212,72.11558341355384,4.967860110566711,,,,,,,,,,,,,,,,,,
11628,3,A,True,active,ACTIVE,True,360.5,99.75564720321086,442,144.59941279649914,150.94061709965356,146.6366795046984,150.9298013137566,0.2330232374974912,78.81421790020276,0.04690615925393055,72.11558341355384,4.967860110566711,,,,,,,,,,,,,,,,,,
11628,4,A,True,post,NONE,True,360.5,0.5236094216521048,179913,71.74920893038374,71.91555714303648,71.59469511242355,71.89400940992647,4.613430545988521,-0.22157400362736723,0.928655486126851,72.11558341355384,4.967860110566711,,10.250008927358461,False,True,0.9388326755412962,1.0,,10.60311251020525,False,True,0.9040114703528456,1.0,,10.727707132409869,False,True,0.9045341292828061,1.0
11628,5,A,True,baseline,NONE,True,360.0,0.5075411650754091,179758,73.11067088466721,71.71403110729837,71.84950807641296,71.79183720925568,4.02569321859049,-0.3237462042981605,0.8103475397843393,72.11558341355384,4.967860110566711,,10.287892568594597,False,True,0.9353424377373566,1.0,,10.975791303041484,False,True,0.9685001743925362,5.0,,10.742605327540444,False,True,0.9075627272253829,1.0
11628,6,A,True,sham,SHAM,True,359.5,18.24947356754959,147527,144.84989553201592,74.21822439023401,71.47516000470901,73.07570874656307,5.322289675144901,0.9601253330092305,1.071344513873149,72.11558341355384,4.967860110566711,,,,,,,,,,,,,,,,,,
11628,7,A,True,sham,SHAM,True,360.5,18.19559015414557,147958,144.7895358989846,73.33634099495865,71.45013827970601,72.3371574171812,6.681086634361023,0.22157400362736723,1.3448620705221255,72.11558341355384,4.967860110566711,,,,,,,,,,,,,,,,,,
11628,8,A,True,post,NONE,True,360.0,0.43434477568997654,179947,71.59566661556735,70.95260918175421,69.32091391836823,70.88676544786466,4.4849718246412635,-1.2288179656891742,0.9027975274709653,72.11558341355384,4.967860110566711,,9.981930791620048,False,True,0.9394631756309212,1.0,,10.720851285753419,False,True,0.9221609535079855,1.0,,10.754320439185184,False,True,0.9218570888524299,1.0
11286,1,A,True,baseline,NONE,True,360.0,0.22527134958018058,180264,67.75046643486077,66.33397434494853,67.99861959581516,66.45989282200996,4.650742376578847,0.2968099378455662,0.936693718291786,66.1630828841644,4.965061989590616,,,False,False,0.9411167731947969,2.0,,,False,False,0.9222658343125996,2.0,,,False,False,0.9136360188009712,2.0
11286,2,A,True,active,ACTIVE,True,360.0,95.94977634084769,7316,121.02390608099608,128.00074467180832,123.1015952986147,127.99765216385639,0.2586501371308998,61.83456927969199,0.052094039847471525,66.1630828841644,4.965061989590616,,,,,,,,,,,,,,,,,,
11286,3,A,True,active,ACTIVE,True,360.0,96.50828790436394,6309,121.5545746016524,128.5809547425645,123.71465497463781,128.57629811494732,0.28679939725091685,62.413215230782924,0.05776350785794807,66.1630828841644,4.965061989590616,,,,,,,,,,,,,,,,,,
11286,4,A,True,post,NONE,True,360.0,0.21591097824281702,180240,66.53802985404782,65.74940507294444,66.47373516820562,65.92782896110599,4.436425498767022,-0.23525392305840853,0.8935287229178821,66.1630828841644,4.965061989590616,,,False,False,0.896464002581777,3.0,,9.778215917055817,False,True,0.44156725011787334,3.0,,,False,False,0.39278147262833385,2.0
11286,5,A,True,baseline,NONE,True,360.0,0.22413211066039107,180292,66.70300518624322,65.19434474446373,65.21178068522151,65.64214632222244,4.290718476132241,-0.5209365619419515,0.8641822569643332,66.1630828841644,4.965061989590616,,,False,False,0.8714948760103077,2.0,,9.772069083203927,False,True,0.5306091269044639,3.0,,9.77128888828566,False,True,0.4718026171404267,3.0
11286,6,A,True,sham,SHAM,True,359.5,16.7397705407099,150149,122.50677127829056,66.51001591522572,65.1386949031167,66.35401866403681,5.5043587434065415,0.19093577987241872,1.1086183324491368,66.1630828841644,4.965061989590616,,,,,,,,,,,,,,,,,,
11286,7,A,True,sham,SHAM,True,359.5,16.86948804703533,149876,123.28728962672903,66.47626198712707,64.74832837511497,65.97214710429199,5.279381602602385,-0.1909357798724045,1.063306281708214,66.1630828841644,4.965061989590616,,,,,,,,,,,,,,,,,,
11286,8,A,True,post,NONE,True,360.0,0.2420395571285372,180112,66.70914513670559,65.52538408981407,64.78064513749723,65.6145543214198,4.493304757969582,-0.5485285627445933,0.9049846240369033,66.1630828841644,4.965061989590616,,,False,False,0.9200702244078652,2.0,,9.779601061774157,False,True,0.5431444117515531,4.0,,,False,False,0.6448559332878834,3.0
10866,1,B,True,baseline,NONE,True,360.0,0.09351482957060675,180551,71.21820737021997,71.22869331013072,70.86334028997643,71.39011543701999,3.493283530185977,-1.0525427896127013,0.7655456046888609,72.44265822663269,4.563129235920236,,,False,False,0.7634253907422819,1.0,,8.17486100139572,False,True,0.9377991687446973,2.0,,,False,False,0.745505607254257,2.0
10866,2,B,True,sham,SHAM,True,360.5,15.825981137815637,152174,116.50247583995647,72.3178198978804,71.7111593074806,72.39433014833386,5.10401887255307,-0.04832807829882313,1.1185348055398114,72.44265822663269,4.563129235920236,,,,,,,,,,,,,,,,,,
10866,3,B,True,sham,SHAM,True,359.5,16.24911951813377,151002,119.23261912873396,72.46051128467492,71.57602197979963,72.49098630493151,5.005639012724515,0.04832807829882313,1.0969750699412393,72.44265822663269,4.563129235920236,,,,,,,,,,,,,,,,,,
10866,4,B,True,post,NONE,True,360.0,0.16157234235629758,180432,72.18769665180227,71.60905900433737,71.53516609162783,71.84738277057238,3.6302949798999435,-0.5952754560603069,0.7955713704803344,72.44265822663269,4.563129235920236,,,False,False,0.8792425310809792,1.0,,8.33938907971219,False,True,0.9456950380470586,2.0,,,False,False,0.803762686988677,1.0
10866,5,B,True,baseline,NONE,True,360.5,0.36245096414166955,180334,72.96352907147119,72.69131289864518,72.75419850413118,72.88873904984116,4.120619459115957,0.44608082320847586,0.9030249300587606,72.44265822663269,4.563129235920236,,,False,False,0.8462893135246293,1.0,,,False,False,0.9091915021102616,1.0,,,False,False,0.8498332166398828,1.0
10866,6,B,True,active,ACTIVE,True,363.0,98.18875014420779,3297,124.59596564122316,134.36307962099573,130.03267581340737,134.07605125006492,0.759258808901734,61.633393023432234,0.16638994199966287,72.44265822663269,4.563129235920236,,,,,,,,,,,,,,,,,,
10866,7,B,True,active,ACTIVE,True,360.0,99.08086199641204,1660,129.3817502743055,135.8963590712049,131.47344290277448,135.69726483750134,0.6196203411414558,63.25460661086865,0.13578847082916298,72.44265822663269,4.563129235920236,,,,,,,,,,,,,,,,,,
10866,8,B,True,post,NONE,True,360.0,0.21356526742687398,180355,73.52384046840935,72.26161960278289,70.65196027758748,72.30400931217642,3.8772281315772545,-0.1386489144562688,0.8496862418570844,72.44265822663269,4.563129235920236,,,False,False,0.8631434060325432,1.0,,8.428209845500971,False,True,0.9603724461203379,2.0,,,False,False,0.845255460381525,1.0
11329,1,B,True,baseline,NONE,True,360.5,0.20681837033760253,180461,68.82944151359723,66.99097869645087,68.54773610290331,67.70091502370059,4.8868168310360005,-1.0098008107508178,0.8489303829555076,68.7107158344514,5.756440020467636,,,False,False,0.6977251823621451,0.0,,,False,False,0.7567348215264742,0.0,,,False,False,0.8433311263007589,1.0
11329,2,B,True,sham,SHAM,True,359.0,0.967806416506567,178355,86.36341613721162,68.08168627153957,67.13431778411872,68.51442868764948,6.748840004573566,-0.1962871468019216,1.1723982149692076,68.7107158344514,5.756440020467636,,,,,,,,,,,,,,,,,,
11329,3,B,True,sham,SHAM,True,360.5,0.7748467715638974,179537,85.77762495257352,68.3357217892622,67.48831844211874,68.90700298125334,6.18367973225763,0.19628714680193582,1.0742194325435335,68.7107158344514,5.756440020467636,,,,,,,,,,,,,,,,,,
11329,4,B,True,post,NONE,True,360.5,0.20081098873134806,180404,71.37712378534604,67.98493401127729,69.6286113133024,68.50408912988689,5.329200308677642,-0.20662670456451337,0.9257805674564665,68.7107158344514,5.756440020467636,,,False,False,0.8322019762622943,1.0,,,False,False,0.8725364037159091,2.0,,,False,False,0.8645485831657703,1.0
11329,5,B,True,baseline,NONE,True,360.5,0.2190435100063004,180390,69.73325874430395,67.3712891830197,68.02964917056804,67.96374047456663,4.675251335779819,-0.7469753598847717,0.8121775470875168,68.7107158344514,5.756440020467636,,,False,False,0.9251021824543828,2.0,,,False,False,0.8938628020140029,2.0,,,False,False,0.9018178218483127,2.0
11329,6,B,True,active,ACTIVE,True,360.5,52.768675644163984,85475,96.76222069225322,104.12102854838712,97.67352547565525,104.01303526783022,1.2005852955763459,35.30231943337881,0.20856385045401965,68.7107158344514,5.756440020467636,,,,,,,,,,,,,,,,,,
11329,7,B,True,active,ACTIVE,True,360.0,63.39056007701542,66169,98.7480682850829,106.27669474227103,100.21147221522216,106.12990157570525,0.5378897921641936,37.41918574125384,0.09344139611490247,68.7107158344514,5.756440020467636,,,,,,,,,,,,,,,,,,
11329,8,B,True,post,NONE,True,360.0,0.2207810891867057,180323,69.96953750816235,69.1484712122138,69.92736057191354,69.35106801852132,4.950500058149629,0.6403521840699113,0.8599933362542819,68.7107158344514,5.756440020467636,,,False,False,0.8851673738484663,1.0,,,False,False,0.8945739072324153,2.0,,,False,False,0.9158359946742576,2.0
10608,1,A,True,baseline,NONE,True,360.0,0.3067994284891462,180020,67.72890738403522,66.28485735500047,65.36420233691017,66.18724995331614,4.2537325831647195,1.1276431881014446,0.8468848134011394,65.0596067652147,5.022799459682691,,,False,False,0.9050386788549284,0.0,,,False,False,0.8787674170830875,0.0,,,False,False,0.8763680390656493,0.0
10608,2,A,True,active,ACTIVE,True,360.0,98.9877230968585,1828,127.4826915381719,134.2057722354172,130.66243244511074,134.18738316934673,0.9209578834397689,69.12777640413204,0.18335549544276436,65.0596067652147,5.022799459682691,,,,,,,,,,,,,,,,,,
10608,3,A,True,active,ACTIVE,True,360.0,99.12580346910416,1579,130.5771276864914,136.43314726832475,132.09290355107308,136.39489045779118,0.5859740796839219,71.33528369257648,0.11666284596616965,65.0596067652147,5.022799459682691,,,,,,,,,,,,,,,,,,
10608,4,A,True,post,NONE,True,360.0,0.48406838989105694,179679,65.9447190471366,64.59944038176637,66.77873335334479,64.91834777140906,3.872194440420671,-0.14125899380563567,0.770923559959388,65.0596067652147,5.022799459682691,,,False,False,0.9479943095246669,1.0,,,False,False,0.9340582487449818,1.0,,,False,False,0.9252964162992302,1.0
10608,5,A,True,baseline,NONE,True,360.0,0.36274623823844276,179912,65.74327776696424,64.50133324909639,63.50746201732408,64.41231069008205,3.8609912159912696,-0.647296075132644,0.7686930857946661,65.0596067652147,5.022799459682691,,,False,False,0.9124109866864518,1.0,,,False,False,0.9116053680033058,1.0,,,False,False,0.8975838601325458,1.0
10608,6,A,True,sham,SHAM,True,359.0,17.68117389808309,148327,132.4345516284277,65.6523059374992,64.18338612735731,65.00116038224652,5.591129972041578,-0.05844638296817095,1.1131501500151055,65.0596067652147,5.022799459682691,,,,,,,,,,,,,,,,,,
10608,7,A,True,sham,SHAM,True,359.0,17.738916994774346,148130,132.85126866542558,65.77528304247201,63.881973306457226,65.11805314818287,6.484233726010608,0.05844638296817095,1.2909601066215455,65.0596067652147,5.022799459682691,,,,,,,,,,,,,,,,,,
10608,8,A,True,post,NONE,True,360.0,0.7028329317936399,179286,64.10903734016607,65.6565154697876,64.54529923386082,64.57253415739237,4.454468947323804,-0.4870726078223271,0.8868498499848945,65.0596067652147,5.022799459682691,,,False,False,0.9141887527437931,1.0,,,False,False,0.9273005624497903,1.0,,,False,False,0.9111197815936514,1.0
10589,1,A,True,baseline,NONE,True,360.0,10.7600861959129,161095,78.42875726991416,81.22117526832047,76.58838698276134,78.0819224743681,6.427670801758282,3.847638681495681,0.340320082436022,74.23428379287242,18.88713341789532,,,False,False,0.1112287112156407,0.0,,,False,False,0.2157638716870849,0.0,,,False,False,0.0956349333767976,0.0
10589,2,A,True,active,ACTIVE,True,360.0,95.07062522139567,8906,116.78249602351462,125.72913262160964,118.37596175073122,125.3675593938957,1.3880545461767184,51.133275601023286,0.07349207079045432,74.23428379287242,18.88713341789532,,,,,,,,,,,,,,,,,,
10589,3,A,True,active,ACTIVE,True,360.0,91.81188814671751,14796,114.19799108375483,120.99211963254783,113.53462186782207,120.45655183749774,2.1603788222249136,46.222268044625324,0.11438362690751058,74.23428379287242,18.88713341789532,,,,,,,,,,,,,,,,,,
10589,4,A,True,post,SHAM,True,360.0,1.031173333481017,178709,90.48865406704249,76.76055490040991,75.51795961895503,75.3392927102177,17.609387485657578,1.1050089173452875,0.9323483397947995,74.23428379287242,18.88713341789532,5.480579491315582,,True,False,0.5572770657658036,2.0,5.492640561894336,9.83074268862252,True,True,0.941527583664833,4.0,5.491526696024397,9.827072198166725,True,True,0.9273640331557852,4.0
10589,5,A,True,baseline,NONE,True,360.0,2.6875141877937936,175759,70.39562833336616,75.7692687466197,77.17859829541628,72.02345736636897,11.698829152951532,-2.210826426503445,0.619407344359999,74.23428379287242,18.88713341789532,4.1269700682946935,,True,False,0.8334687126250674,3.0,5.454777578797429,,True,False,0.9477137138096027,3.0,5.4589291497649075,,True,False,0.9354733084846976,3.0
10589,6,A,True,sham,SHAM,True,359.5,16.606582289713923,150360,113.4629886163134,73.32667350475896,80.10924304976814,73.12927487552712,20.164879350133063,-1.1050089173453017,1.0676516602052006,74.23428379287242,18.88713341789532,,,,,,,,,,,,,,,,,,
10589,7,A,True,sham,SHAM,True,359.5,15.91346553876023,151587,113.18374104684693,80.07291471079117,73.54325592132615,81.49134739506822,22.83712259286736,7.2570636021957995,1.2091365104261653,74.23428379287242,18.88713341789532,,,,,,,,,,,,,,,,,,
10589,8,A,True,post,NONE,True,360.0,0.5689396580827566,179659,70.69483830461364,72.77579615544337,74.09806883072913,70.2825172497764,6.172401454388805,-3.9517665430960136,0.32680456678198355,74.23428379287242,18.88713341789532,5.3633471094931595,9.795398612200739,True,True,0.8063928797469572,4.0,5.37300700369259,9.79399765976342,True,True,0.932017457675895,4.0,5.376037619876223,9.794605641042395,True,True,0.930862583991699,4.0
11563,1,A,True,baseline,NONE,True,360.5,0.20514351752014548,180478,69.64776037364311,65.45435561185371,64.09812248938398,65.80948010021274,4.179608231911608,0.1871666215375285,0.8259783258477549,65.62231347867521,5.060191171023533,,,False,False,0.9100866266207599,0.0,,,False,False,0.7167923650419846,1.0,,,False,False,0.7276645596741846,0.0
11563,2,A,True,active,ACTIVE,True,361.0,93.35655649466437,12034,115.68793188511788,123.10965854211065,118.9518038775382,122.81001691860469,1.3174504690501294,57.18770343992948,0.26035586888383244,65.62231347867521,5.060191171023533,,,,,,,,,,,,,,,,,,
11563,3,A,True,active,ACTIVE,True,361.0,94.18017451197908,10545,117.36844744051295,124.65577812439439,120.32863489344949,124.60322144666337,1.0891736188366963,58.98090796798816,0.21524357124562696,65.62231347867521,5.060191171023533,,,,,,,,,,,,,,,,,,
11563,4,A,True,post,NONE,True,363.5,0.16007016774476357,182128,67.91002482322871,65.41149830807095,63.97298458705221,65.4408072878164,3.8681533570246103,-0.18150619085881203,0.7644283044433265,65.62231347867521,5.060191171023533,,,False,False,0.9171368995356508,1.0,,,False,False,0.758337894698267,1.0,,,False,False,0.7439357457028686,1.0
11563,5,A,True,baseline,NONE,True,361.0,0.1634880394138727,180757,66.09956127600925,63.8165054944418,63.700796850262805,64.25668703504545,3.8838016403542355,-1.3656264436297647,0.7675207337213413,65.62231347867521,5.060191171023533,,,False,False,0.9021500109785124,0.0,,,False,False,0.7604402150317872,0.0,,,False,False,0.7330058392355545,0.0
11563,6,A,True,sham,SHAM,True,360.0,16.194836252518762,151389,121.13458632473508,66.31425455189115,63.12906266133151,65.4351468571377,5.938188690171941,-0.1871666215375143,1.1735107408937704,65.62231347867521,5.060191171023533,,,,,,,,,,,,,,,,,,
11563,7,A,True,sham,SHAM,True,361.0,16.35683218157331,151538,121.2899176070902,66.2929995817139,66.70612141397086,66.27538666337284,5.880440084089621,0.6530731846976323,1.162098404060923,65.62231347867521,5.060191171023533,,,,,,,,,,,,,,,,,,
11563,8,A,True,post,NONE,True,426.5,2.3219589774773675,208821,65.55580334033078,64.9113311879384,72.08754598031588,65.27980037891282,4.239942257957445,-0.3425130997623853,0.837901595939077,65.62231347867521,5.060191171023533,,,False,False,0.06707982645888248,0.0,,,False,False,0.036835535334602855,0.0,,,False,False,0.041842743773335724,0.0
10649,1,A,True,baseline,NONE,True,360.0,0.5660074323089459,179541,75.22618046245871,71.47138771004924,68.7636125896879,72.3693301525421,5.682840028461371,1.2136291202204461,0.9713169886566302,71.15570103232166,5.850654415425147,,,False,False,0.840786252916702,2.0,,,False,False,0.7063490673794969,2.0,,,False,False,0.5354223643709084,2.0
10649,2,A,True,active,ACTIVE,True,360.0,90.82210667951294,16575,107.96077746545531,115.12037490299888,114.9708061866194,114.5321389526666,4.243656861184604,43.37643792034494,0.7253302895478286,71.15570103232166,5.850654415425147,,,,,,,,,,,,,,,,,,
10649,3,A,True,active,ACTIVE,True,360.0,96.08820369693547,7064,115.82727339171292,122.60063816446794,120.9257820561578,122.14738746325595,3.636224477827298,50.991686430934294,0.6215073083517728,71.15570103232166,5.850654415425147,,,,,,,,,,,,,,,,,,
10649,4,A,True,post,NONE,True,360.0,0.27722136762541316,180221,73.1840669849197,69.90993090821672,69.57054613922705,70.89613985260151,5.413266041108571,-0.25956117972015136,0.9252411194953833,71.15570103232166,5.850654415425147,,,False,False,0.8269965027215094,2.0,,,False,False,0.737673359143504,2.0,,9.776098317063882,False,True,0.5939705537809359,3.0
10649,5,A,True,baseline,NONE,True,360.0,0.3903351899631313,179909,72.87827891553412,70.31254852489651,70.27127225136975,70.99845414649727,5.212151656527411,-0.15724688582439228,0.8908664375707552,71.15570103232166,5.850654415425147,,,False,False,0.9206848400763423,2.0,,,False,False,0.8818542767287183,3.0,,,False,False,0.8530392870347691,3.0
10649,6,A,True,sham,SHAM,True,359.0,17.417720956580663,148696,128.81172935383296,71.00247198634459,69.85568378692102,71.26204452774543,6.018468802388924,0.10634349542377208,1.0286830113433698,71.15570103232166,5.850654415425147,,,,,,,,,,,,,,,,,,
10649,7,A,True,sham,SHAM,True,359.0,17.57154274804076,148513,129.27950395577207,70.68706908865745,71.9978030230832,71.04935753689789,6.495071179121325,-0.10634349542377208,1.1101443903432724,71.15570103232166,5.850654415425147,,,,,,,,,,,,,,,,,,
10649,8,A,True,post,NONE,True,360.0,0.5218778739293772,179560,70.80796400503279,70.72553993804435,69.21836213957214,70.88781980564303,4.748937859858501,-0.26788122667862524,0.8116934487427611,71.15570103232166,5.850654415425147,,,False,False,0.9169589543892214,2.0,,,False,False,0.934384180536264,3.0,,,False,False,0.8977436908600264,3.0
10809,1,B,True,baseline,NONE,True,360.5,1.322697173709808,178376,76.18333614565161,74.6521285427961,72.9777107550792,74.369564128821,4.323510176890608,2.4419078470051545,0.7636794302817994,71.92765628181584,5.661420231385861,,,False,False,0.6234833028088548,1.0,,,False,False,0.53923698457354,1.0,,,False,False,0.5294992340794199,1.0
10809,2,B,True,sham,SHAM,True,359.5,16.802517911862004,150144,119.10146428376339,73.560298336856,71.30373616138905,73.15045876016644,6.682376585435463,1.2228024783506015,1.1803357306687128,71.92765628181584,5.661420231385861,,,,,,,,,,,,,,,,,,
10809,3,B,True,sham,SHAM,True,359.5,15.586991815859609,152341,114.92891622551166,73.04304836665753,71.25228677740233,72.9737615882085,6.668949248612165,1.0461053063926613,1.1779640047987872,71.92765628181584,5.661420231385861,,,,,,,,,,,,,,,,,,
10809,4,B,True,post,NONE,True,360.5,0.4995657152973343,179854,72.1939511071663,70.84642429535818,70.28282582191433,70.88155097542318,4.369414820366956,-1.0461053063926613,0.7717877567440997,71.92765628181584,5.661420231385861,,,False,False,0.7966879989970972,2.0,,,False,False,0.6953146486058394,2.0,,,False,False,0.6976505226573577,2.0
10809,5,B,True,baseline,NONE,True,361.0,0.37008395934600147,180370,71.03192189627326,69.77538800153827,68.47886695885806,70.08189588685237,4.653891214159557,-1.8457603949634773,0.8220359952012128,71.92765628181584,5.661420231385861,,,False,False,0.8457364605165579,2.0,,,False,False,0.7645465856232389,2.0,,,False,False,0.7694651827476059,2.0
10809,6,B,True,active,ACTIVE,True,360.5,75.12292792468902,44977,103.49020712374362,108.16647448712752,104.72175488714548,108.81733996942391,2.8136736995505487,36.88968368760807,0.49699078756812026,71.92765628181584,5.661420231385861,,,,,,,,,,,,,,,,,,
10809,7,B,True,active,ACTIVE,True,360.0,72.51351635520483,49670,103.76324021965529,108.56405521804155,105.7635610776119,110.20756494797617,3.9015904885092993,38.279908666160324,0.6891540159622151,71.92765628181584,5.661420231385861,,,,,,,,,,,,,,,,,,
10809,8,B,True,post,NONE,True,360.0,0.3220487167852726,180136,70.88238505291912,69.18708876762892,68.13878419575605,69.2815696186749,4.310701195487695,-2.6460866631409488,0.7614169270795285,71.92765628181584,5.661420231385861,,,False,False,0.7174226330332888,1.0,,,False,False,0.753344597710497,3.0,,,False,False,0.7535642405494642,3.0
10541,1,B,True,baseline,NONE,True,364.0,0.26409077709532713,182031,67.87125710935247,65.64430055696074,62.83671028681958,65.11532598930783,7.376563251760125,0.42025809360312394,0.9909203059586682,64.69506789570471,7.444153891491457,,,False,False,0.9459351730170769,1.0,,9.80965011363276,False,True,0.5369629252196509,3.0,,,False,False,0.5639987585270704,2.0
10541,2,B,True,sham,SHAM,True,359.5,17.153254303291188,149347,126.47357032593129,64.43231260220767,63.83170197285708,64.02843557253303,7.511744531222789,-0.6666323231716831,1.0090796940413318,64.69506789570471,7.444153891491457,,,,,,,,,,,,,,,,,,
10541,3,B,True,sham,SHAM,True,360.0,17.664032255384665,148665,129.63049056597208,64.87814504202218,62.242594854445855,64.2748098021016,6.947404026255704,-0.42025809360310973,0.933269801716011,64.69506789570471,7.444153891491457,,,,,,,,,,,,,,,,,,
10541,4,B,True,post,NONE,True,360.0,0.308764940239048,180162,65.16403569497768,64.26486491584876,63.82680352746555,64.17254443970548,4.71295209723165,-0.5225234559992344,0.6331078274212567,64.69506789570471,7.444153891491457,,,False,False,0.9428780866395672,1.0,,,False,False,0.4169694146826053,2.0,,,False,False,0.522743517173536,2.0
10541,5,B,True,baseline,NONE,True,360.0,0.34719722685213616,179962,66.95923815004,66.32757995997203,63.23005873694765,66.75486017286367,7.96985745895077,2.0597922771589623,1.0706196533712427,64.69506789570471,7.444153891491457,,,False,False,0.956115078218507,1.0,,,False,False,0.4981561255765155,2.0,,,False,False,0.6312145676376693,2.0
10541,6,B,True,active,ACTIVE,True,360.0,99.50419168303682,896,137.04595045053003,143.7853443692058,139.64102711994735,143.68691618128534,0.6613080018140067,78.99184828558063,0.08883588537441048,64.69506789570471,7.444153891491457,,,,,,,,,,,,,,,,,,
10541,7,B,True,active,ACTIVE,True,360.0,99.60132669616111,720,138.12619257713482,144.07406799207132,139.4733305103015,144.09618103776,0.26704655306053837,79.4011131420553,0.03587332515596811,64.69506789570471,7.444153891491457,,,,,,,,,,,,,,,,,,
10541,8,B,True,post,NONE,True,360.0,0.4158199848289357,179856,66.36165975811203,63.6830166492031,63.10192716194918,63.65333261368506,5.394826093214135,-1.0417352820196513,0.7247064168542151,64.69506789570471,7.444153891491457,,,False,False,0.9228728001871708,0.0,,,False,False,0.5544800438686224,2.0,,,False,False,0.622470035472891,1.0
10641,1,B,True,baseline,NONE,True,360.0,0.5509260540959571,179610,69.59962060114242,67.75493855610894,66.81619673711108,67.57909072773944,4.223643443767102,-0.9794380476282356,0.6701576711416599,68.55852877536768,6.302462279618219,,,False,False,0.6395427427432182,2.0,,,False,False,0.7439894994733822,2.0,,,False,False,0.8558927956961985,2.0
10641,2,B,True,sham,ACTIVE,False,360.0,94.83013457482437,9339,123.66618803479987,125.85501643328669,121.85134458140415,125.80080875291408,0.4458444925662093,57.2422799775464,0.07074131867604244,68.55852877536768,6.302462279618219,,,,,,,,,,,,,,,,,,
10641,3,B,True,sham,ACTIVE,False,360.0,94.83039393805115,9333,121.88420005131842,125.52587296620361,121.32931449216336,125.52057381722656,0.33844526381675166,56.962045041858886,0.05370048225615934,68.55852877536768,6.302462279618219,,,,,,,,,,,,,,,,,,
10641,4,B,True,post,NONE,True,360.0,0.4352279963454109,179809,69.25993324494792,68.1459724791866,66.99804031476326,67.98123960756529,4.059787492392871,-0.577289167802391,0.6441589512597288,68.55852877536768,6.302462279618219,,,False,False,0.7576846644220874,2.0,,,False,False,0.7751227487165111,2.0,,9.764010600725989,False,True,0.9224997266334298,3.0
10641,5,B,True,baseline,NONE,True,360.5,0.5663278285973461,179790,68.92820504386931,68.45872406538626,67.8023171889787,67.88911217994907,5.16216930507791,-0.6694165954186104,0.8190718287631888,68.55852877536768,6.302462279618219,,,False,False,0.8234554854602256,3.0,,,False,False,0.8448051888837055,3.0,,9.72735414443944,False,True,0.93728518407425,3.0
10641,6,B,True,active,SHAM,False,359.0,16.413107404818184,150652,120.97547225262579,69.85415611075665,68.7189613668269,69.22794537078627,7.442755254158527,0.6694165954185962,1.1809281712368112,68.55852877536768,6.302462279618219,,,,,,,,,,,,,,,,,,
10641,7,B,True,active,SHAM,False,360.5,17.353434021114566,149444,120.84105903595783,72.38865520471411,72.08263113876963,72.78766685562536,8.737713046449798,4.229138080257684,1.38639672223141,68.55852877536768,6.302462279618219,,,,,,,,,,,,,,,,,,
10641,8,B,True,post,NONE,True,360.5,0.48791011832650666,179889,67.59589001865392,69.46810708723163,67.10785136080958,68.25699626488974,4.218942476696043,-0.3015325104779407,0.6694117774159232,68.55852877536768,6.302462279618219,,,False,False,0.852199837519705,2.0,,9.798416445893665,False,True,0.9115692621871216,3.0,,9.85005503546498,False,True,0.9485390465008169,3.0
10862,1,B,True,baseline,NONE,True,360.5,0.23484555451179778,180545,67.47572845758185,66.80536330593682,65.36702796663188,66.89678895495601,4.09750101278911,0.9845783463493802,0.8406185736829043,65.91221060860663,4.87438791036606,,,False,False,0.9189563908666375,3.0,,,False,False,0.8511686579970502,3.0,,,False,False,0.838578210241656,3.0
10862,2,B,True,sham,SHAM,True,362.0,10.988805147869007,161566,106.68421043420402,66.43469854872787,65.84620485374347,66.64231173153206,5.797488928120103,0.7301011229254328,1.1893778326076472,65.91221060860663,4.87438791036606,,,,,,,,,,,,,,,,,,
10862,3,B,True,sham,SHAM,True,360.0,12.311843147683387,158278,110.45863415814807,66.60368982215132,64.49258914541906,66.4983289746576,5.450771499428157,0.5861183660509681,1.1182473778577076,65.91221060860663,4.87438791036606,,,,,,,,,,,,,,,,,,
10862,4,B,True,post,NONE,True,361.0,0.22138550891063202,180731,67.05687116547246,64.96645052266737,65.04496482070952,65.32609224255566,4.220351910111518,-0.5861183660509681,0.865821922202038,65.91221060860663,4.87438791036606,,,False,False,0.9034323914561923,3.0,,,False,False,0.8379795127364831,3.0,,,False,False,0.8214301579081476,3.0
10862,5,B,True,baseline,NONE,True,360.0,0.22024725244319532,180308,67.24823875546188,65.05983605068144,65.92156751468444,65.49050655255998,4.007386579956375,-0.42170405604665007,0.8221312406085106,65.91221060860663,4.87438791036606,,,False,False,0.8862238536512006,2.0,,,False,False,0.8127400740748525,2.0,,,False,False,0.8035400601903704,2.0
10862,6,B,True,active,ACTIVE,True,361.5,94.97521791146812,9114,118.84959209900794,126.27345290144048,121.35100042266214,126.26762879455232,0.05360727017108502,60.355418185945695,0.010997743954083289,65.91221060860663,4.87438791036606,,,,,,,,,,,,,,,,,,
10862,7,B,True,active,ACTIVE,True,360.0,95.40278246812562,8304,120.24498147845219,126.38291676661095,121.43199942217805,126.37387429253344,0.05179392613318612,60.461663683926815,0.010625729237313914,65.91221060860663,4.87438791036606,,,,,,,,,,,,,,,,,,
10862,8,B,True,post,NONE,True,360.5,0.2604886789739691,180343,68.06312055990827,64.50934296321346,64.82902434270694,64.93715958878244,4.298004321303964,-0.9750510198241926,0.8817526221422926,65.91221060860663,4.87438791036606,,,False,False,0.8729127510507391,2.0,,,False,False,0.8169614602921429,2.0,,,False,False,0.8229599398289852,2.0
10661,1,B,True,baseline,NONE,True,361.0,0.23258512007690024,180588,67.04516864992017,67.29805032181224,64.84519388654299,66.4804742975314,4.348011549087673,-0.49016417957966496,0.9398172089633403,66.97063847711107,4.62644385271868,,9.834233268931692,False,True,0.8057431827491293,3.0,,9.958817086055763,False,True,0.5955195250760051,3.0,,10.049891055502563,False,True,0.6775101704772124,3.0
10661,2,B,True,sham,SHAM,True,360.0,16.835766039532164,150247,125.52295156318971,66.31015823229365,66.55485831580293,66.31867168718534,4.970446780160671,-0.6519667899257229,1.0743557986205412,66.97063847711107,4.62644385271868,,,,,,,,,,,,,,,,,,
10661,3,B,True,sham,SHAM,True,360.5,16.653026465676458,150723,124.43532880841397,67.96314561519696,66.8539415795446,67.46080265669072,4.904876156349687,0.49016417957965075,1.0601827910366597,66.97063847711107,4.62644385271868,,,,,,,,,,,,,,,,,,
10661,4,B,True,post,NONE,True,359.0,0.1398360810383359,179959,66.66989369523458,68.16804714207633,67.92477052103013,67.49011888922124,4.1857148740876085,0.5194804121101697,0.9047369874872507,66.97063847711107,4.62644385271868,,,False,False,0.7607102969728387,2.0,,,False,False,0.5110380333331705,2.0,,10.064751081882275,False,True,0.7107854789210506,3.0
10661,5,B,True,baseline,NONE,True,361.0,0.1489975774097596,180941,66.97084291507798,66.22983462680486,65.69120261757377,66.31993899632735,3.7855812464465117,-0.6506994807837145,0.8182486088579581,66.97063847711107,4.62644385271868,,,False,False,0.9035454346743392,2.0,,10.275151888069082,False,True,0.7633208661891201,3.0,,10.22042718583978,False,True,0.6617565620029584,3.0
10661,6,B,True,active,ACTIVE,True,360.5,96.02055264264064,7195,122.24492167806588,128.10543168821889,123.01127266504447,128.13512298722054,0.5371070232175299,61.164484510109475,0.11609500521699939,66.97063847711107,4.62644385271868,,,,,,,,,,,,,,,,,,
10661,7,B,True,active,ACTIVE,True,360.5,95.82907041692705,7542,121.53169189425144,127.60029397836658,122.59817960615962,127.70586503250567,0.5808059813115705,60.735226555394604,0.12554047985911818,66.97063847711107,4.62644385271868,,,,,,,,,,,,,,,,,,
10661,8,B,True,post,NONE,True,360.5,0.14825960921421855,180496,66.58480541788877,66.40477641487021,65.65222176741563,66.39541115081592,3.745509235438945,-0.575227326295149,0.8095870942512221,66.97063847711107,4.62644385271868,,,False,False,0.9019451937680898,2.0,,10.42238526704032,False,True,0.8739483237097547,3.0,,10.39255366170146,False,True,0.7981918827663118,3.0
10638,1,B,True,baseline,NONE,True,360.5,3.212929123148456,175052,78.04334722364737,75.34118224358996,74.35857142907795,74.97487892137478,4.953831983726047,-0.2002658659407217,0.7721161375680581,75.1751447873155,6.415915615142019,,9.842386079424239,False,True,0.8143138367751143,3.0,,9.842693387907516,False,True,0.7897079350604244,3.0,,9.87016680243334,False,True,0.8628096817120735,2.0
10638,2,B,True,sham,SHAM,True,359.5,21.007914016182973,142433,128.94438285525092,77.65036462058904,74.63483545574945,76.89477299660098,7.638414543015756,1.7196282092854744,1.190541615757625,75.1751447873155,6.415915615142019,,,,,,,,,,,,,,,,,,
10638,3,B,True,sham,SHAM,True,360.0,18.735769092268917,146686,117.58063690165132,75.60522316060559,74.9081830147259,75.16184498480911,7.504819648378771,-0.013299802506395508,1.1697191949761403,75.1751447873155,6.415915615142019,,,,,,,,,,,,,,,,,,
10638,4,B,True,post,NONE,True,360.0,3.4961320096948745,174396,75.73615041123544,75.14546533346193,72.01955376805904,74.15809608713771,5.133551702349479,-1.0170487001777957,0.8001276840727035,75.1751447873155,6.415915615142019,,9.873831870692856,False,True,0.8193270330332957,3.0,,9.870964513408541,False,True,0.7627952436960287,3.0,,9.912711882678195,False,True,0.9043025279683364,3.0
10638,5,B,True,baseline,NONE,True,360.0,4.958613625667862,171659,77.3780077994275,76.16239927315999,74.37794169261049,75.1884445898219,5.327011581905268,0.013299802506395508,0.8302808050238597,75.1751447873155,6.415915615142019,,9.863911239361071,False,True,0.8451078131277739,3.0,,9.863915072099685,False,True,0.7807646523602069,3.0,,9.8821384102873,False,True,0.933922026476085,3.0
10638,6,B,True,active,ACTIVE,True,360.0,99.77245296807698,411,140.39473270386847,145.28738561455162,141.220626393735,145.26710237825372,0.3659308946324984,70.09195759093822,0.05703486713086989,75.1751447873155,6.415915615142019,,,,,,,,,,,,,,,,,,
10638,7,B,True,active,ACTIVE,True,360.0,99.68047402813157,577,140.6571030680426,146.23119352736094,142.08554723170747,146.20157803004764,0.2747313392258093,71.02643324273214,0.04282028563116131,75.1751447873155,6.415915615142019,,,,,,,,,,,,,,,,,,
10638,8,B,True,post,NONE,True,360.0,2.3349449770437736,176345,77.11921588766805,75.00916574058412,73.68884952837477,74.71708015979925,4.725349840086423,-0.45806462751625077,0.7365043625159688,75.1751447873155,6.415915615142019,,9.841456592052007,False,True,0.8289248803804253,3.0,,9.839869180851943,False,True,0.772193782268168,3.0,,9.861201145428895,False,True,0.9077545610333201,3.0
